image_id,width,height,numerosity,TSA,FA,CH,cumArea,role,pair_num,target_low,target_high,pair_ratio,image_file,position,greater_role,greater_side,pair_order
1847,100,100,8,1527.9793701171875,8979.6962890625,7329,1576,anchor,83,0.8,0.9,0.8,paired_images/img_01847.png,left,partner,right,1
5871,100,100,10,2280.350830078125,10039.60546875,8524,2530,partner,83,0.8,0.9,0.8,paired_images/img_05871.png,right,partner,right,1
9651,100,100,12,2970.638427734375,11651.802734375,9822,3036,anchor,222,0.6,0.7,0.6666666666666666,paired_images/img_09651.png,left,partner,right,2
14389,100,100,18,3059.41162109375,19048.8125,16251,2682,partner,222,0.6,0.7,0.6666666666666666,paired_images/img_14389.png,right,partner,right,2
14056,100,100,18,2725.6259765625,12713.5576171875,11862,2682,anchor,8,0.8,0.9,0.8181818181818182,paired_images/img_14056.png,left,partner,right,3
18399,100,100,22,4514.837890625,18761.662109375,17546,4334,partner,8,0.8,0.9,0.8181818181818182,paired_images/img_18399.png,right,partner,right,3
3056,100,100,8,2569.744873046875,11313.708984375,9648,2536,anchor,52,0.8,0.9,0.8888888888888888,paired_images/img_03056.png,left,partner,right,4
4901,100,100,9,2887.7001953125,14270.4853515625,9907,2853,partner,52,0.8,0.9,0.8888888888888888,paired_images/img_04901.png,right,partner,right,4
10446,100,100,14,2141.52099609375,13333.7509765625,11312,2086,anchor,231,0.6,0.7,0.6363636363636364,paired_images/img_10446.png,left,partner,right,5
17149,100,100,22,2533.8671875,25043.81640625,20560,2486,partner,231,0.6,0.7,0.6363636363636364,paired_images/img_17149.png,right,partner,right,5
11320,100,100,14,3208.65625,10583.0048828125,10527,3542,anchor,149,0.7,0.8,0.7142857142857143,paired_images/img_11320.png,left,anchor,left,6
6151,100,100,10,2559.607177734375,11269.076171875,9549,2530,partner,149,0.7,0.8,0.7142857142857143,paired_images/img_06151.png,right,anchor,left,6
7517,100,100,11,2257.4189453125,16714.7421875,10620,2167,anchor,20,0.8,0.9,0.8181818181818182,paired_images/img_07517.png,left,anchor,left,7
5000,100,100,9,3059.41162109375,11326.4921875,10364,2853,partner,20,0.8,0.9,0.8181818181818182,paired_images/img_05000.png,right,anchor,left,7
20423,100,100,28,2858.587646484375,15856.591796875,14898,3164,anchor,86,0.8,0.9,0.8928571428571429,paired_images/img_20423.png,left,anchor,left,8
20029,100,100,25,4812.83349609375,14142.1357421875,15671,4925,partner,86,0.8,0.9,0.8928571428571429,paired_images/img_20029.png,right,anchor,left,8
7873,100,100,11,2684.538818359375,14055.3662109375,10500,2783,anchor,178,0.7,0.8,0.7272727272727273,paired_images/img_07873.png,left,anchor,left,9
3231,100,100,8,2722.5498046875,15101.9892578125,7680,2536,partner,178,0.7,0.8,0.7272727272727273,paired_images/img_03231.png,right,anchor,left,9
12125,100,100,16,2289.38232421875,13454.3427734375,10454,2384,anchor,39,0.8,0.9,0.875,paired_images/img_12125.png,left,anchor,left,10
11472,100,100,14,3399.452880859375,12585.384765625,11751,3542,partner,39,0.8,0.9,0.875,paired_images/img_11472.png,right,anchor,left,10
8142,100,100,11,3013.29296875,14891.1416015625,10408,2783,anchor,242,0.6,0.7,0.6111111111111112,paired_images/img_08142.png,left,partner,right,11
14925,100,100,18,3854.6171875,21381.568359375,21296,3546,partner,242,0.6,0.7,0.6111111111111112,paired_images/img_14925.png,right,partner,right,11
18095,100,100,22,4022.263427734375,14891.1416015625,13999,4334,anchor,44,0.8,0.9,0.8181818181818182,paired_images/img_18095.png,left,anchor,left,12
15109,100,100,18,4326.66162109375,13469.544921875,13456,4554,partner,44,0.8,0.9,0.8181818181818182,paired_images/img_15109.png,right,anchor,left,12
13745,100,100,18,2291.968994140625,20181.513671875,14568,2034,anchor,260,0.6,0.7,0.6111111111111112,paired_images/img_13745.png,left,anchor,left,13
7233,100,100,11,2011.1317138671875,14891.1416015625,12023,2167,partner,260,0.6,0.7,0.6111111111111112,paired_images/img_07233.png,right,anchor,left,13
3973,100,100,9,1927.30859375,12713.5576171875,7694,1773,anchor,2,0.8,0.9,0.8888888888888888,paired_images/img_03973.png,left,anchor,left,14
2564,100,100,8,2039.6077880859375,13454.3427734375,10546,2024,partner,2,0.8,0.9,0.8888888888888888,paired_images/img_02564.png,right,anchor,left,14
18993,100,100,25,3031.895263671875,14983.0703125,13949,2825,anchor,272,0.5,0.6,0.56,paired_images/img_18993.png,left,anchor,left,15
10953,100,100,14,2698.1474609375,12585.384765625,10803,2758,partner,272,0.5,0.6,0.56,paired_images/img_10953.png,right,anchor,left,15
10714,100,100,14,2403.776123046875,14126.6171875,11049,2086,anchor,74,0.8,0.9,0.875,paired_images/img_10714.png,left,partner,right,16
13478,100,100,16,4079.215576171875,17959.392578125,14976,4048,partner,74,0.8,0.9,0.875,paired_images/img_13478.png,right,partner,right,16
14022,100,100,18,2572.6484375,22652.984375,20055,2682,anchor,88,0.8,0.9,0.8181818181818182,paired_images/img_14022.png,left,partner,right,17
17792,100,100,22,3382.306884765625,25043.81640625,21304,3278,partner,88,0.8,0.9,0.8181818181818182,paired_images/img_17792.png,right,partner,right,17
2049,100,100,8,1618.8377685546875,13454.3427734375,6657,1576,anchor,29,0.8,0.9,0.8,paired_images/img_02049.png,left,partner,right,18
5763,100,100,10,2152.364501953125,11269.076171875,9116,1970,partner,29,0.8,0.9,0.8,paired_images/img_05763.png,right,partner,right,18
19257,100,100,25,3403.187255859375,14983.0703125,14151,3725,anchor,277,0.5,0.6,0.56,paired_images/img_19257.png,left,anchor,left,19
10229,100,100,14,1907.87841796875,16799.474609375,11780,2086,partner,277,0.5,0.6,0.56,paired_images/img_10229.png,right,anchor,left,19
10680,100,100,14,2403.776123046875,11212.3037109375,9703,2086,anchor,180,0.7,0.8,0.7857142857142857,paired_images/img_10680.png,left,anchor,left,20
6954,100,100,11,1791.7147216796875,13266.4990234375,9505,1639,partner,180,0.7,0.8,0.7857142857142857,paired_images/img_06954.png,right,anchor,left,20
3343,100,100,8,2884.44091796875,13454.3427734375,10157,3016,anchor,159,0.7,0.8,0.7272727272727273,paired_images/img_03343.png,left,partner,right,21
6984,100,100,11,1791.7147216796875,15776.615234375,10102,1639,partner,159,0.7,0.8,0.7272727272727273,paired_images/img_06984.png,right,partner,right,21
10216,100,100,14,1907.87841796875,15856.591796875,13806,2086,anchor,40,0.8,0.9,0.875,paired_images/img_10216.png,left,partner,right,22
11936,100,100,16,2039.6077880859375,20158.736328125,15267,1808,partner,40,0.8,0.9,0.875,paired_images/img_11936.png,right,partner,right,22
2412,100,100,8,1925.1334228515625,11986.45703125,9785,2024,anchor,95,0.8,0.9,0.875,paired_images/img_02412.png,left,anchor,left,23
1382,100,100,7,2403.776123046875,11879.021484375,7054,2219,partner,95,0.8,0.9,0.875,paired_images/img_01382.png,right,anchor,left,23
21714,100,100,28,5093.42431640625,14966.6298828125,16227,5516,anchor,296,0.5,0.6,0.5,paired_images/img_21714.png,left,anchor,left,24
11747,100,100,14,3815.7568359375,13333.7509765625,12794,3542,partner,296,0.5,0.6,0.5,paired_images/img_11747.png,right,anchor,left,24
19871,100,100,25,4287.7470703125,26696.796875,22932,3725,anchor,163,0.7,0.8,0.72,paired_images/img_19871.png,left,anchor,left,25
13849,100,100,18,2428.256591796875,16970.5625,12884,2682,partner,163,0.7,0.8,0.72,paired_images/img_13849.png,right,anchor,left,25
1700,100,100,8,1442.220458984375,8000,5365,1576,anchor,276,0.5,0.6,0.5714285714285714,paired_images/img_01700.png,left,partner,right,26
11210,100,100,14,3028.568115234375,11879.021484375,9498,2758,partner,276,0.5,0.6,0.5714285714285714,paired_images/img_11210.png,right,partner,right,26
15596,100,100,20,2559.607177734375,25298.220703125,21746,2260,anchor,289,0.5,0.6,0.5,paired_images/img_15596.png,left,anchor,left,27
5560,100,100,10,1917.538818359375,15042.412109375,10348,1970,partner,289,0.5,0.6,0.5,paired_images/img_05560.png,right,anchor,left,27
911,100,100,7,2021.3267822265625,7483.31494140625,7116,2219,anchor,94,0.8,0.9,0.875,paired_images/img_00911.png,left,partner,right,28
1919,100,100,8,1527.9793701171875,13454.3427734375,8502,1576,partner,94,0.8,0.9,0.875,paired_images/img_01919.png,right,partner,right,28
18709,100,100,25,2549.509765625,26696.796875,22257,2825,anchor,230,0.6,0.7,0.64,paired_images/img_18709.png,left,anchor,left,29
13148,100,100,16,3634.16796875,11986.45703125,11655,4048,partner,230,0.6,0.7,0.64,paired_images/img_13148.png,right,anchor,left,29
5518,100,100,10,1917.538818359375,11939.1708984375,9445,1970,anchor,7,0.8,0.9,0.8333333333333334,paired_images/img_05518.png,left,partner,right,30
8983,100,100,12,2225.46435546875,10380.576171875,8333,2364,partner,7,0.8,0.9,0.8333333333333334,paired_images/img_08983.png,right,partner,right,30
13284,100,100,16,3850.266845703125,12699.2080078125,12072,4048,anchor,18,0.8,0.9,0.8,paired_images/img_13284.png,left,partner,right,31
16797,100,100,20,4560.70166015625,14198.146484375,15800,5060,partner,18,0.8,0.9,0.8,paired_images/img_16797.png,right,partner,right,31
13209,100,100,16,3634.16796875,16951.41015625,14505,4048,anchor,269,0.6,0.7,0.625,paired_images/img_13209.png,left,anchor,left,32
6125,100,100,10,2559.607177734375,9476.1259765625,8537,2530,partner,269,0.6,0.7,0.625,paired_images/img_06125.png,right,anchor,left,32
20914,100,100,28,3399.452880859375,28253.234375,26110,3164,anchor,37,0.8,0.9,0.8928571428571429,paired_images/img_20914.png,left,anchor,left,33
19588,100,100,25,3819.948486328125,22449.240234375,21063,3725,partner,37,0.8,0.9,0.8928571428571429,paired_images/img_19588.png,right,anchor,left,33
10298,100,100,14,2021.3267822265625,11879.021484375,9659,2086,anchor,38,0.8,0.9,0.8571428571428571,paired_images/img_10298.png,left,anchor,left,34
9157,100,100,12,2357.79736328125,13078.7060546875,13073,2364,partner,38,0.8,0.9,0.8571428571428571,paired_images/img_09157.png,right,anchor,left,34
17966,100,100,22,3796.51123046875,14891.1416015625,14892,3278,anchor,204,0.7,0.8,0.7272727272727273,paired_images/img_17966.png,left,anchor,left,35
12600,100,100,16,2722.5498046875,21357.4375,17029,2384,partner,204,0.7,0.8,0.7272727272727273,paired_images/img_12600.png,right,anchor,left,35
21246,100,100,28,4042.653564453125,19978.052734375,18180,4172,anchor,241,0.6,0.7,0.6428571428571429,paired_images/img_21246.png,left,anchor,left,36
13773,100,100,18,2291.968994140625,24000,17782,2034,partner,241,0.6,0.7,0.6428571428571429,paired_images/img_13773.png,right,anchor,left,36
4140,100,100,9,2041.912353515625,15119.052734375,8826,1773,anchor,32,0.8,0.9,0.8181818181818182,paired_images/img_04140.png,left,partner,right,37
7101,100,100,11,1898.255615234375,14891.1416015625,11448,1639,partner,32,0.8,0.9,0.8181818181818182,paired_images/img_07101.png,right,partner,right,37
2785,100,100,8,2289.38232421875,10678.71875,7570,2536,anchor,106,0.8,0.9,0.8888888888888888,paired_images/img_02785.png,left,partner,right,38
3416,100,100,9,1529.705810546875,10090.7568359375,7286,1341,partner,106,0.8,0.9,0.8888888888888888,paired_images/img_03416.png,right,partner,right,38
8067,100,100,11,3013.29296875,9380.8310546875,8013,2783,anchor,121,0.7,0.8,0.7272727272727273,paired_images/img_08067.png,left,anchor,left,39
2114,100,100,8,1715.098876953125,9513.6572265625,7234,1576,partner,121,0.7,0.8,0.7272727272727273,paired_images/img_02114.png,right,anchor,left,39
14692,100,100,18,3638.274169921875,12000,11898,3546,anchor,283,0.5,0.6,0.5,paired_images/img_14692.png,left,anchor,left,40
4637,100,100,9,2572.6484375,13469.544921875,9536,2853,partner,283,0.5,0.6,0.5,paired_images/img_04637.png,right,anchor,left,40
15479,100,100,20,2559.607177734375,12649.1103515625,11514,2260,anchor,223,0.6,0.7,0.6,paired_images/img_15479.png,left,anchor,left,41
9999,100,100,12,3334.428955078125,18496.083984375,15501,3036,partner,223,0.6,0.7,0.6,paired_images/img_09999.png,right,anchor,left,41
14867,100,100,18,3854.6171875,15119.052734375,14628,3546,anchor,148,0.7,0.8,0.72,paired_images/img_14867.png,left,partner,right,42
19478,100,100,25,3605.55126953125,25198.421875,24069,3725,partner,148,0.7,0.8,0.72,paired_images/img_19478.png,right,partner,right,42
7827,100,100,11,2684.538818359375,10529.626953125,8610,2783,anchor,85,0.8,0.9,0.8181818181818182,paired_images/img_07827.png,left,anchor,left,43
3492,100,100,9,1529.705810546875,16018.078125,12016,1341,partner,85,0.8,0.9,0.8181818181818182,paired_images/img_03492.png,right,anchor,left,43
13479,100,100,16,4079.215576171875,17959.392578125,16767,4048,anchor,67,0.8,0.9,0.875,paired_images/img_13479.png,left,anchor,left,44
11144,100,100,14,2858.587646484375,17798.421875,14213,2758,partner,67,0.8,0.9,0.875,paired_images/img_11144.png,right,anchor,left,44
5828,100,100,10,2152.364501953125,15936.880859375,13456,1970,anchor,10,0.8,0.9,0.8,paired_images/img_05828.png,left,anchor,left,45
2943,100,100,8,2425.51611328125,12699.2080078125,11618,2536,partner,10,0.8,0.9,0.8,paired_images/img_02943.png,right,anchor,left,45
1843,100,100,8,1527.9793701171875,8979.6962890625,7095,1576,anchor,274,0.5,0.6,0.5714285714285714,paired_images/img_01843.png,left,partner,right,46
11702,100,100,14,3815.7568359375,10583.0048828125,10327,3542,partner,274,0.5,0.6,0.5714285714285714,paired_images/img_11702.png,right,partner,right,46
7998,100,100,11,2844.169677734375,13266.4990234375,9587,2783,anchor,93,0.8,0.9,0.8181818181818182,paired_images/img_07998.png,left,anchor,left,47
4340,100,100,9,2291.968994140625,10690.7841796875,8597,2277,partner,93,0.8,0.9,0.8181818181818182,paired_images/img_04340.png,right,anchor,left,47
13706,100,100,18,2291.968994140625,16018.078125,12738,2034,anchor,103,0.8,0.9,0.8181818181818182,paired_images/img_13706.png,left,partner,right,48
18300,100,100,22,4261.439453125,22311.50390625,19280,4334,partner,103,0.8,0.9,0.8181818181818182,paired_images/img_18300.png,right,partner,right,48
17480,100,100,22,3013.29296875,17708.65234375,16031,3278,anchor,252,0.6,0.7,0.6363636363636364,paired_images/img_17480.png,left,anchor,left,49
10341,100,100,14,2021.3267822265625,15856.591796875,12779,2086,partner,252,0.6,0.7,0.6363636363636364,paired_images/img_10341.png,right,anchor,left,49
12665,100,100,16,2884.44091796875,15101.9892578125,12347,3152,anchor,295,0.5,0.6,0.5625,paired_images/img_12665.png,left,anchor,left,50
3705,100,100,9,1717.0367431640625,12000,7982,1773,partner,295,0.5,0.6,0.5625,paired_images/img_03705.png,right,anchor,left,50
14582,100,100,18,3434.073486328125,13469.544921875,13741,3546,anchor,284,0.5,0.6,0.5,paired_images/img_14582.png,left,anchor,left,51
4011,100,100,9,1927.30859375,16018.078125,9483,1773,partner,284,0.5,0.6,0.5,paired_images/img_04011.png,right,anchor,left,51
5179,100,100,10,1612.4515380859375,15936.880859375,10315,1490,anchor,255,0.6,0.7,0.625,paired_images/img_05179.png,left,partner,right,52
12831,100,100,16,3055.958740234375,19027.314453125,16079,3152,partner,255,0.6,0.7,0.625,paired_images/img_12831.png,right,partner,right,52
8373,100,100,11,3382.306884765625,12521.908203125,9806,3487,anchor,82,0.8,0.9,0.8181818181818182,paired_images/img_08373.png,left,anchor,left,53
4547,100,100,9,2428.256591796875,16970.5625,12583,2277,partner,82,0.8,0.9,0.8181818181818182,paired_images/img_04547.png,right,anchor,left,53
16892,100,100,20,4560.70166015625,25298.220703125,22271,5060,anchor,192,0.7,0.8,0.7142857142857143,paired_images/img_16892.png,left,partner,right,54
20640,100,100,28,3028.568115234375,25170.76953125,22533,3164,partner,192,0.7,0.8,0.7142857142857143,paired_images/img_20640.png,right,partner,right,54
9572,100,100,12,2803.9091796875,15553.2900390625,13550,3036,anchor,23,0.8,0.9,0.8571428571428571,paired_images/img_09572.png,left,partner,right,55
11496,100,100,14,3399.452880859375,14126.6171875,11805,3542,partner,23,0.8,0.9,0.8571428571428571,paired_images/img_11496.png,right,partner,right,55
17161,100,100,22,2684.538818359375,13266.4990234375,11737,2486,anchor,211,0.6,0.7,0.6363636363636364,paired_images/img_17161.png,left,anchor,left,56
10334,100,100,14,2021.3267822265625,14966.6298828125,13304,2086,partner,211,0.6,0.7,0.6363636363636364,paired_images/img_10334.png,right,anchor,left,56
8043,100,100,11,2844.169677734375,17708.65234375,14982,2783,anchor,153,0.7,0.8,0.7272727272727273,paired_images/img_08043.png,left,anchor,left,57
2472,100,100,8,2039.6077880859375,8000,5538,2024,partner,153,0.7,0.8,0.7272727272727273,paired_images/img_02472.png,right,anchor,left,57
443,100,100,7,1604.328125,9989.0263671875,6135,1771,anchor,186,0.7,0.8,0.7,paired_images/img_00443.png,left,partner,right,58
5964,100,100,10,2280.350830078125,16884.537109375,12468,2530,partner,186,0.7,0.8,0.7,paired_images/img_05964.png,right,partner,right,58
19697,100,100,25,4047.094482421875,20000,20306,3725,anchor,173,0.7,0.8,0.72,paired_images/img_19697.png,left,anchor,left,59
14415,100,100,18,3059.41162109375,22652.984375,17626,2682,partner,173,0.7,0.8,0.72,paired_images/img_14415.png,right,anchor,left,59
15452,100,100,20,2415.947509765625,23878.341796875,18595,2260,anchor,115,0.8,0.9,0.8,paired_images/img_15452.png,left,partner,right,60
20048,100,100,25,4812.83349609375,15874.0107421875,16137,4925,partner,115,0.8,0.9,0.8,paired_images/img_20048.png,right,partner,right,60
1554,100,100,7,2546.712158203125,14966.6298828125,9103,2639,anchor,190,0.7,0.8,0.7777777777777778,paired_images/img_01554.png,left,partner,right,61
5051,100,100,9,3059.41162109375,16018.078125,12111,2853,partner,190,0.7,0.8,0.7777777777777778,paired_images/img_05051.png,right,partner,right,61
12015,100,100,16,2160.88916015625,15101.9892578125,11953,2384,anchor,47,0.8,0.9,0.8,paired_images/img_12015.png,left,partner,right,62
15604,100,100,20,2711.8095703125,12649.1103515625,11313,2980,partner,47,0.8,0.9,0.8,paired_images/img_15604.png,right,partner,right,62
15016,100,100,18,4083.82470703125,16970.5625,13667,3546,anchor,275,0.5,0.6,0.5555555555555556,paired_images/img_15016.png,left,anchor,left,63
5981,100,100,10,2415.947509765625,8944.271484375,7867,2530,partner,275,0.5,0.6,0.5555555555555556,paired_images/img_05981.png,right,anchor,left,63
15252,100,100,20,2280.350830078125,15936.880859375,13095,2260,anchor,212,0.6,0.7,0.6,paired_images/img_15252.png,left,anchor,left,64
9557,100,100,12,2803.9091796875,13856.40625,12039,3036,partner,212,0.6,0.7,0.6,paired_images/img_09557.png,right,anchor,left,64
6708,100,100,10,3224.903076171875,13401.265625,12884,3170,anchor,12,0.8,0.9,0.8333333333333334,paired_images/img_06708.png,left,partner,right,65
9221,100,100,12,2357.79736328125,19595.91796875,14926,2364,partner,12,0.8,0.9,0.8333333333333334,paired_images/img_09221.png,right,partner,right,65
12312,100,100,16,2425.51611328125,19027.314453125,14299,2384,anchor,133,0.7,0.8,0.7272727272727273,paired_images/img_12312.png,left,partner,right,66
17202,100,100,22,2684.538818359375,16714.7421875,15514,2486,partner,133,0.7,0.8,0.7272727272727273,paired_images/img_17202.png,right,partner,right,66
21679,100,100,28,4807.55224609375,25170.76953125,23277,4172,anchor,181,0.7,0.8,0.7857142857142857,paired_images/img_21679.png,left,anchor,left,67
17165,100,100,22,2684.538818359375,13266.4990234375,11459,2486,partner,181,0.7,0.8,0.7857142857142857,paired_images/img_17165.png,right,anchor,left,67
16070,100,100,20,3224.903076171875,18952.251953125,17541,2980,anchor,132,0.7,0.8,0.7,paired_images/img_16070.png,left,anchor,left,68
10175,100,100,14,1907.87841796875,12585.384765625,9914,2086,partner,132,0.7,0.8,0.7,paired_images/img_10175.png,right,anchor,left,68
8205,100,100,11,3192.47265625,9938.64453125,8664,3487,anchor,299,0.5,0.6,0.5,paired_images/img_08205.png,left,partner,right,69
18235,100,100,22,4261.439453125,15776.615234375,15592,4334,partner,299,0.5,0.6,0.5,paired_images/img_18235.png,right,partner,right,69
4948,100,100,9,3059.41162109375,8485.28125,8321,2853,anchor,119,0.8,0.9,0.8181818181818182,paired_images/img_04948.png,left,partner,right,70
8350,100,100,11,3382.306884765625,10529.626953125,8706,3487,partner,119,0.8,0.9,0.8181818181818182,paired_images/img_08350.png,right,partner,right,70
7095,100,100,11,1898.255615234375,14055.3662109375,9914,1639,anchor,239,0.6,0.7,0.6363636363636364,paired_images/img_07095.png,left,anchor,left,71
184,100,100,7,1429.2938232421875,9989.0263671875,5742,1379,partner,239,0.6,0.7,0.6363636363636364,paired_images/img_00184.png,right,anchor,left,71
3519,100,100,9,1620.6668701171875,8485.28125,5832,1773,anchor,168,0.7,0.8,0.75,paired_images/img_03519.png,left,partner,right,72
9136,100,100,12,2357.79736328125,11651.802734375,9567,2364,partner,168,0.7,0.8,0.75,paired_images/img_09136.png,right,partner,right,72
10283,100,100,14,2021.3267822265625,11212.3037109375,9853,2086,anchor,73,0.8,0.9,0.8571428571428571,paired_images/img_10283.png,left,anchor,left,73
9241,100,100,12,2497.999267578125,10380.576171875,8259,2364,partner,73,0.8,0.9,0.8571428571428571,paired_images/img_09241.png,right,anchor,left,73
11525,100,100,14,3399.452880859375,16799.474609375,13564,3542,anchor,189,0.7,0.8,0.7142857142857143,paired_images/img_11525.png,left,anchor,left,74
5124,100,100,10,1612.4515380859375,11939.1708984375,8269,1490,partner,189,0.7,0.8,0.7142857142857143,paired_images/img_05124.png,right,anchor,left,74
16605,100,100,20,4063.123291015625,21273.18359375,16348,3940,anchor,128,0.7,0.8,0.7,paired_images/img_16605.png,left,anchor,left,75
10754,100,100,14,2403.776123046875,17798.421875,13570,2086,partner,128,0.7,0.8,0.7,paired_images/img_10754.png,right,anchor,left,75
3028,100,100,8,2569.744873046875,9513.6572265625,7215,2536,anchor,256,0.6,0.7,0.6666666666666666,paired_images/img_03028.png,left,partner,right,76
8528,100,100,12,1766.3521728515625,14680.3515625,9374,1788,partner,256,0.6,0.7,0.6666666666666666,paired_images/img_08528.png,right,partner,right,76
15720,100,100,20,2711.8095703125,23878.341796875,18884,2980,anchor,201,0.7,0.8,0.7,paired_images/img_15720.png,left,anchor,left,77
10547,100,100,14,2268.862548828125,11212.3037109375,9454,2086,partner,201,0.7,0.8,0.7,paired_images/img_10547.png,right,anchor,left,77
10072,100,100,12,3532.704345703125,13856.40625,10601,3804,anchor,253,0.6,0.7,0.6666666666666666,paired_images/img_10072.png,left,anchor,left,78
2932,100,100,8,2425.51611328125,11986.45703125,10430,2536,partner,253,0.6,0.7,0.6666666666666666,paired_images/img_02932.png,right,anchor,left,78
1796,100,100,8,1442.220458984375,14254.3798828125,8635,1576,anchor,258,0.6,0.7,0.6666666666666666,paired_images/img_01796.png,left,partner,right,79
9673,100,100,12,2970.638427734375,13078.7060546875,10268,3036,partner,258,0.6,0.7,0.6666666666666666,paired_images/img_09673.png,right,partner,right,79
12582,100,100,16,2722.5498046875,20158.736328125,12570,2384,anchor,60,0.8,0.9,0.875,paired_images/img_12582.png,left,anchor,left,80
11075,100,100,14,2858.587646484375,11879.021484375,11125,2758,partner,60,0.8,0.9,0.875,paired_images/img_11075.png,right,anchor,left,80
17717,100,100,22,3382.306884765625,15776.615234375,13973,3278,anchor,98,0.8,0.9,0.88,paired_images/img_17717.png,left,partner,right,81
19547,100,100,25,3819.948486328125,17817.974609375,17281,3725,partner,98,0.8,0.9,0.88,paired_images/img_19547.png,right,partner,right,81
4558,100,100,9,2572.6484375,8485.28125,7132,2853,anchor,243,0.6,0.7,0.6428571428571429,paired_images/img_04558.png,left,partner,right,82
10285,100,100,14,2021.3267822265625,11212.3037109375,8667,2086,partner,243,0.6,0.7,0.6428571428571429,paired_images/img_10285.png,right,partner,right,82
15359,100,100,20,2415.947509765625,13401.265625,10066,2260,anchor,232,0.6,0.7,0.6,paired_images/img_15359.png,left,anchor,left,83
9893,100,100,12,3334.428955078125,10380.576171875,10803,3036,partner,232,0.6,0.7,0.6,paired_images/img_09893.png,right,anchor,left,83
15115,100,100,18,4326.66162109375,14270.4853515625,14726,4554,anchor,155,0.7,0.8,0.72,paired_images/img_15115.png,left,partner,right,84
19019,100,100,25,3031.895263671875,16817.927734375,15979,2825,partner,155,0.7,0.8,0.72,paired_images/img_19019.png,right,partner,right,84
17349,100,100,22,2844.169677734375,17708.65234375,15926,2486,anchor,81,0.8,0.9,0.8181818181818182,paired_images/img_17349.png,left,anchor,left,85
14700,100,100,18,3638.274169921875,12000,11687,3546,partner,81,0.8,0.9,0.8181818181818182,paired_images/img_14700.png,right,anchor,left,85
16213,100,100,20,3416.665771484375,21273.18359375,18038,2980,anchor,58,0.8,0.9,0.8,paired_images/img_16213.png,left,anchor,left,86
13449,100,100,16,4079.215576171875,15101.9892578125,15175,4048,partner,58,0.8,0.9,0.8,paired_images/img_13449.png,right,anchor,left,86
9973,100,100,12,3334.428955078125,16478.13671875,14971,3036,anchor,5,0.8,0.9,0.8571428571428571,paired_images/img_09973.png,left,partner,right,87
10347,100,100,14,2021.3267822265625,15856.591796875,13781,2086,partner,5,0.8,0.9,0.8571428571428571,paired_images/img_10347.png,right,partner,right,87
11313,100,100,14,3208.65625,10583.0048828125,10079,3542,anchor,233,0.6,0.7,0.6428571428571429,paired_images/img_11313.png,left,anchor,left,88
3418,100,100,9,1529.705810546875,10090.7568359375,8085,1341,partner,233,0.6,0.7,0.6428571428571429,paired_images/img_03418.png,right,anchor,left,88
16976,100,100,22,2391.652099609375,19877.2890625,16523,2486,anchor,55,0.8,0.9,0.8181818181818182,paired_images/img_16976.png,left,anchor,left,89
14697,100,100,18,3638.274169921875,12000,11536,3546,partner,55,0.8,0.9,0.8181818181818182,paired_images/img_14697.png,right,anchor,left,89
15457,100,100,20,2415.947509765625,23878.341796875,16331,2260,anchor,236,0.6,0.7,0.6,paired_images/img_15457.png,left,anchor,left,90
10069,100,100,12,3532.704345703125,13078.7060546875,10360,3804,partner,236,0.6,0.7,0.6,paired_images/img_10069.png,right,anchor,left,90
13705,100,100,18,2291.968994140625,16018.078125,14346,2034,anchor,147,0.7,0.8,0.72,paired_images/img_13705.png,left,partner,right,91
19683,100,100,25,4047.094482421875,18877.486328125,17809,3725,partner,147,0.7,0.8,0.72,paired_images/img_19683.png,right,partner,right,91
3199,100,100,8,2722.5498046875,11986.45703125,8968,2536,anchor,102,0.8,0.9,0.8888888888888888,paired_images/img_03199.png,left,partner,right,92
5035,100,100,9,3059.41162109375,14270.4853515625,12623,2853,partner,102,0.8,0.9,0.8888888888888888,paired_images/img_05035.png,right,partner,right,92
16660,100,100,20,4304.72900390625,13401.265625,14138,3940,anchor,134,0.7,0.8,0.7,paired_images/img_16660.png,left,anchor,left,93
11074,100,100,14,2858.587646484375,11879.021484375,10025,2758,partner,134,0.7,0.8,0.7,paired_images/img_11074.png,right,anchor,left,93
16112,100,100,20,3224.903076171875,25298.220703125,20440,2980,anchor,175,0.7,0.8,0.7142857142857143,paired_images/img_16112.png,left,partner,right,94
21318,100,100,28,4042.653564453125,29933.259765625,28257,4172,partner,175,0.7,0.8,0.7142857142857143,paired_images/img_21318.png,right,partner,right,94
10801,100,100,14,2546.712158203125,11212.3037109375,9884,2758,anchor,158,0.7,0.8,0.7777777777777778,paired_images/img_10801.png,left,partner,right,95
14136,100,100,18,2725.6259765625,20181.513671875,18093,2682,partner,158,0.7,0.8,0.7777777777777778,paired_images/img_14136.png,right,partner,right,95
17690,100,100,22,3382.306884765625,13266.4990234375,12990,3278,anchor,285,0.5,0.6,0.5454545454545454,paired_images/img_17690.png,left,anchor,left,96
8556,100,100,12,1766.3521728515625,17457.978515625,11426,1788,partner,285,0.5,0.6,0.5454545454545454,paired_images/img_08556.png,right,anchor,left,96
14650,100,100,18,3434.073486328125,19048.8125,17422,3546,anchor,66,0.8,0.9,0.8181818181818182,paired_images/img_14650.png,left,partner,right,97
18138,100,100,22,4022.263427734375,18761.662109375,16730,4334,partner,66,0.8,0.9,0.8181818181818182,paired_images/img_18138.png,right,partner,right,97
13859,100,100,18,2428.256591796875,17979.685546875,12681,2682,anchor,89,0.8,0.9,0.8888888888888888,paired_images/img_13859.png,left,anchor,left,98
12579,100,100,16,2722.5498046875,19027.314453125,14603,2384,partner,89,0.8,0.9,0.8888888888888888,paired_images/img_12579.png,right,anchor,left,98
16160,100,100,20,3416.665771484375,15042.412109375,14974,2980,anchor,117,0.8,0.9,0.8,paired_images/img_16160.png,left,anchor,left,99
12653,100,100,16,2884.44091796875,14254.3798828125,12324,3152,partner,117,0.8,0.9,0.8,paired_images/img_12653.png,right,anchor,left,99
11533,100,100,14,3399.452880859375,17798.421875,16291,3542,anchor,208,0.7,0.8,0.7857142857142857,paired_images/img_11533.png,left,anchor,left,100
8007,100,100,11,2844.169677734375,14055.3662109375,11860,2783,partner,208,0.7,0.8,0.7857142857142857,paired_images/img_08007.png,right,anchor,left,100
9421,100,100,12,2646.537841796875,13856.40625,9987,2364,anchor,33,0.8,0.9,0.8333333333333334,paired_images/img_09421.png,left,anchor,left,101
6344,100,100,10,2711.8095703125,15936.880859375,12618,2530,partner,33,0.8,0.9,0.8333333333333334,paired_images/img_06344.png,right,anchor,left,101
19186,100,100,25,3212.180908203125,21189.26171875,19889,2825,anchor,150,0.7,0.8,0.72,paired_images/img_19186.png,left,anchor,left,102
14513,100,100,18,3241.333740234375,19048.8125,15402,3546,partner,150,0.7,0.8,0.72,paired_images/img_14513.png,right,anchor,left,102
21676,100,100,28,4807.55224609375,25170.76953125,20578,4172,anchor,156,0.7,0.8,0.7857142857142857,paired_images/img_21676.png,left,anchor,left,103
17251,100,100,22,2684.538818359375,22311.50390625,18648,2486,partner,156,0.7,0.8,0.7857142857142857,paired_images/img_17251.png,right,anchor,left,103
8553,100,100,12,1766.3521728515625,17457.978515625,10902,1788,anchor,114,0.8,0.9,0.8333333333333334,paired_images/img_08553.png,left,anchor,left,104
6701,100,100,10,3224.903076171875,13401.265625,10524,3170,partner,114,0.8,0.9,0.8333333333333334,paired_images/img_06701.png,right,anchor,left,104
4850,100,100,9,2887.7001953125,10090.7568359375,8324,2853,anchor,249,0.6,0.7,0.6428571428571429,paired_images/img_04850.png,left,partner,right,105
10302,100,100,14,2021.3267822265625,12585.384765625,10173,2086,partner,249,0.6,0.7,0.6428571428571429,paired_images/img_10302.png,right,partner,right,105
10034,100,100,12,3532.704345703125,10997.8369140625,11024,3804,anchor,216,0.6,0.7,0.6666666666666666,paired_images/img_10034.png,left,partner,right,106
13835,100,100,18,2428.256591796875,16018.078125,12790,2682,partner,216,0.6,0.7,0.6666666666666666,paired_images/img_13835.png,right,partner,right,106
11324,100,100,14,3208.65625,11212.3037109375,10823,3542,anchor,139,0.7,0.8,0.7,paired_images/img_11324.png,left,partner,right,107
16077,100,100,20,3224.903076171875,20079.2109375,17023,2980,partner,139,0.7,0.8,0.7,paired_images/img_16077.png,right,partner,right,107
16944,100,100,22,2391.652099609375,16714.7421875,14375,2486,anchor,290,0.5,0.6,0.5,paired_images/img_16944.png,left,anchor,left,108
7440,100,100,11,2257.4189453125,10529.626953125,7606,2167,partner,290,0.5,0.6,0.5,paired_images/img_07440.png,right,anchor,left,108
9647,100,100,12,2970.638427734375,10997.8369140625,9163,3036,anchor,195,0.7,0.8,0.75,paired_images/img_09647.png,left,partner,right,109
12095,100,100,16,2289.38232421875,11313.708984375,10030,2384,partner,195,0.7,0.8,0.75,paired_images/img_12095.png,right,partner,right,109
12823,100,100,16,3055.958740234375,17959.392578125,15671,3152,anchor,34,0.8,0.9,0.875,paired_images/img_12823.png,left,anchor,left,110
10705,100,100,14,2403.776123046875,13333.7509765625,10497,2086,partner,34,0.8,0.9,0.875,paired_images/img_10705.png,right,anchor,left,110
1567,100,100,7,2698.1474609375,7483.31494140625,6572,2639,anchor,6,0.8,0.9,0.875,paired_images/img_01567.png,left,partner,right,111
1771,100,100,8,1442.220458984375,12699.2080078125,8990,1576,partner,6,0.8,0.9,0.875,paired_images/img_01771.png,right,partner,right,111
9247,100,100,12,2497.999267578125,10380.576171875,9393,2364,anchor,286,0.5,0.6,0.5454545454545454,paired_images/img_09247.png,left,partner,right,112
17295,100,100,22,2844.169677734375,13266.4990234375,12677,2486,partner,286,0.5,0.6,0.5454545454545454,paired_images/img_17295.png,right,partner,right,112
4333,100,100,9,2291.968994140625,10690.7841796875,8456,2277,anchor,71,0.8,0.9,0.8888888888888888,paired_images/img_04333.png,left,anchor,left,113
3100,100,100,8,2569.744873046875,14254.3798828125,8824,2536,partner,71,0.8,0.9,0.8888888888888888,paired_images/img_03100.png,right,anchor,left,113
8963,100,100,12,2100.55859375,19595.91796875,12146,1788,anchor,270,0.6,0.7,0.6666666666666666,paired_images/img_08963.png,left,anchor,left,114
1714,100,100,8,1442.220458984375,8979.6962890625,7604,1576,partner,270,0.6,0.7,0.6666666666666666,paired_images/img_01714.png,right,anchor,left,114
15958,100,100,20,3043.903076171875,21273.18359375,18639,2980,anchor,107,0.8,0.9,0.8,paired_images/img_15958.png,left,partner,right,115
19083,100,100,25,3031.895263671875,25198.421875,19645,2825,partner,107,0.8,0.9,0.8,paired_images/img_19083.png,right,partner,right,115
667,100,100,7,1800.79736328125,7928.2958984375,5093,1771,anchor,54,0.8,0.9,0.875,paired_images/img_00667.png,left,partner,right,116
2358,100,100,8,1925.1334228515625,8475.705078125,5624,2024,partner,54,0.8,0.9,0.875,paired_images/img_02358.png,right,partner,right,116
18360,100,100,22,4514.837890625,14891.1416015625,14186,4334,anchor,36,0.8,0.9,0.8181818181818182,paired_images/img_18360.png,left,anchor,left,117
14567,100,100,18,3434.073486328125,12000,11012,3546,partner,36,0.8,0.9,0.8181818181818182,paired_images/img_14567.png,right,anchor,left,117
8620,100,100,12,1871.3848876953125,11651.802734375,8591,1788,anchor,193,0.7,0.8,0.75,paired_images/img_08620.png,left,partner,right,118
12815,100,100,16,3055.958740234375,16951.41015625,14094,3152,partner,193,0.7,0.8,0.75,paired_images/img_12815.png,right,partner,right,118
2974,100,100,8,2425.51611328125,15101.9892578125,9792,2536,anchor,135,0.7,0.8,0.7272727272727273,paired_images/img_02974.png,left,partner,right,119
8380,100,100,11,3382.306884765625,12521.908203125,11054,3487,partner,135,0.7,0.8,0.7272727272727273,paired_images/img_08380.png,right,partner,right,119
17329,100,100,22,2844.169677734375,15776.615234375,14096,2486,anchor,279,0.5,0.6,0.5454545454545454,paired_images/img_17329.png,left,anchor,left,120
9436,100,100,12,2646.537841796875,14680.3515625,11574,2364,partner,279,0.5,0.6,0.5454545454545454,paired_images/img_09436.png,right,anchor,left,120
16452,100,100,20,3835.07763671875,18952.251953125,17426,3940,anchor,87,0.8,0.9,0.8,paired_images/img_16452.png,left,anchor,left,121
12290,100,100,16,2425.51611328125,16000,14104,2384,partner,87,0.8,0.9,0.8,paired_images/img_12290.png,right,anchor,left,121
1795,100,100,8,1442.220458984375,14254.3798828125,9100,1576,anchor,191,0.7,0.8,0.7272727272727273,paired_images/img_01795.png,left,partner,right,122
8190,100,100,11,3013.29296875,18761.662109375,12525,2783,partner,191,0.7,0.8,0.7272727272727273,paired_images/img_08190.png,right,partner,right,122
14068,100,100,18,2725.6259765625,13469.544921875,12660,2682,anchor,80,0.8,0.9,0.8181818181818182,paired_images/img_14068.png,left,partner,right,123
17050,100,100,22,2533.8671875,14055.3662109375,12595,2486,partner,80,0.8,0.9,0.8181818181818182,paired_images/img_17050.png,right,partner,right,123
12112,100,100,16,2289.38232421875,12699.2080078125,10325,2384,anchor,30,0.8,0.9,0.875,paired_images/img_12112.png,left,anchor,left,124
10686,100,100,14,2403.776123046875,11879.021484375,9733,2086,partner,30,0.8,0.9,0.875,paired_images/img_10686.png,right,anchor,left,124
9423,100,100,12,2646.537841796875,13856.40625,10913,2364,anchor,92,0.8,0.9,0.8571428571428571,paired_images/img_09423.png,left,partner,right,125
11027,100,100,14,2698.1474609375,18856.771484375,16017,2758,partner,92,0.8,0.9,0.8571428571428571,paired_images/img_11027.png,right,partner,right,125
21124,100,100,28,3815.7568359375,21166.009765625,20120,4172,anchor,172,0.7,0.8,0.7142857142857143,paired_images/img_21124.png,left,anchor,left,126
15704,100,100,20,2711.8095703125,22538.15234375,19716,2980,partner,172,0.7,0.8,0.7142857142857143,paired_images/img_15704.png,right,anchor,left,126
11384,100,100,14,3208.65625,15856.591796875,12981,3542,anchor,108,0.8,0.9,0.875,paired_images/img_11384.png,left,partner,right,127
12535,100,100,16,2722.5498046875,15101.9892578125,11928,2384,partner,108,0.8,0.9,0.875,paired_images/img_12535.png,right,partner,right,127
18835,100,100,25,2701.111572265625,26696.796875,24003,2825,anchor,185,0.7,0.8,0.72,paired_images/img_18835.png,left,anchor,left,128
15024,100,100,18,4083.82470703125,17979.685546875,15152,3546,partner,185,0.7,0.8,0.72,paired_images/img_15024.png,right,anchor,left,128
7046,100,100,11,1898.255615234375,10529.626953125,8549,1639,anchor,196,0.7,0.8,0.7272727272727273,paired_images/img_07046.png,left,anchor,left,129
2703,100,100,8,2160.88916015625,14254.3798828125,9504,2024,partner,196,0.7,0.8,0.7272727272727273,paired_images/img_02703.png,right,anchor,left,129
7700,100,100,11,2533.8671875,10529.626953125,9879,2783,anchor,254,0.6,0.7,0.6363636363636364,paired_images/img_07700.png,left,anchor,left,130
1633,100,100,7,2698.1474609375,11212.3037109375,7596,2639,partner,254,0.6,0.7,0.6363636363636364,paired_images/img_01633.png,right,anchor,left,130
1362,100,100,7,2403.776123046875,10583.0048828125,7399,2219,anchor,21,0.8,0.9,0.875,paired_images/img_01362.png,left,partner,right,131
2767,100,100,8,2289.38232421875,9513.6572265625,7663,2536,partner,21,0.8,0.9,0.875,paired_images/img_02767.png,right,partner,right,131
21146,100,100,28,3815.7568359375,23758.04296875,23377,4172,anchor,141,0.7,0.8,0.7857142857142857,paired_images/img_21146.png,left,anchor,left,132
17080,100,100,22,2533.8671875,16714.7421875,14211,2486,partner,141,0.7,0.8,0.7857142857142857,paired_images/img_17080.png,right,anchor,left,132
7713,100,100,11,2533.8671875,11819.107421875,10230,2783,anchor,31,0.8,0.9,0.8181818181818182,paired_images/img_07713.png,left,anchor,left,133
4207,100,100,9,2163.330810546875,10690.7841796875,7783,2277,partner,31,0.8,0.9,0.8181818181818182,paired_images/img_04207.png,right,anchor,left,133
9140,100,100,12,2357.79736328125,11651.802734375,9112,2364,anchor,104,0.8,0.9,0.8571428571428571,paired_images/img_09140.png,left,partner,right,134
10428,100,100,14,2141.52099609375,11879.021484375,9592,2086,partner,104,0.8,0.9,0.8571428571428571,paired_images/img_10428.png,right,partner,right,134
2301,100,100,8,1817.083984375,13454.3427734375,8100,2024,anchor,247,0.6,0.7,0.6666666666666666,paired_images/img_02301.png,left,partner,right,135
9529,100,100,12,2803.9091796875,11651.802734375,10532,3036,partner,247,0.6,0.7,0.6666666666666666,paired_images/img_09529.png,right,partner,right,135
10436,100,100,14,2141.52099609375,12585.384765625,9372,2086,anchor,235,0.6,0.7,0.6428571428571429,paired_images/img_10436.png,left,anchor,left,136
4886,100,100,9,2887.7001953125,12713.5576171875,10832,2853,partner,235,0.6,0.7,0.6428571428571429,paired_images/img_04886.png,right,anchor,left,136
11770,100,100,14,3815.7568359375,14966.6298828125,12801,3542,anchor,245,0.6,0.7,0.6428571428571429,paired_images/img_11770.png,left,anchor,left,137
3713,100,100,9,1717.0367431640625,12713.5576171875,8999,1773,partner,245,0.6,0.7,0.6428571428571429,paired_images/img_03713.png,right,anchor,left,137
14170,100,100,18,2725.6259765625,24000,15991,2682,anchor,161,0.7,0.8,0.7777777777777778,paired_images/img_14170.png,left,anchor,left,138
11091,100,100,14,2858.587646484375,13333.7509765625,12014,2758,partner,161,0.7,0.8,0.7777777777777778,paired_images/img_11091.png,right,anchor,left,138
21819,100,100,28,5093.42431640625,26667.501953125,22819,5516,anchor,227,0.6,0.7,0.6428571428571429,paired_images/img_21819.png,left,anchor,left,139
14410,100,100,18,3059.41162109375,21381.568359375,16312,2682,partner,227,0.6,0.7,0.6428571428571429,paired_images/img_14410.png,right,anchor,left,139
12252,100,100,16,2425.51611328125,13454.3427734375,11570,2384,anchor,229,0.6,0.7,0.64,paired_images/img_12252.png,left,partner,right,140
19409,100,100,25,3605.55126953125,16817.927734375,16915,3725,partner,229,0.6,0.7,0.64,paired_images/img_19409.png,right,partner,right,140
6660,100,100,10,3224.903076171875,10039.60546875,9461,3170,anchor,22,0.8,0.9,0.8333333333333334,paired_images/img_06660.png,left,partner,right,141
8803,100,100,12,1982.663330078125,16478.13671875,12850,1788,partner,22,0.8,0.9,0.8333333333333334,paired_images/img_08803.png,right,partner,right,141
9686,100,100,12,2970.638427734375,13856.40625,11803,3036,anchor,146,0.7,0.8,0.75,paired_images/img_09686.png,left,partner,right,142
12560,100,100,16,2722.5498046875,16951.41015625,12784,2384,partner,146,0.7,0.8,0.75,paired_images/img_12560.png,right,partner,right,142
13962,100,100,18,2572.6484375,16018.078125,13072,2682,anchor,124,0.7,0.8,0.72,paired_images/img_13962.png,left,partner,right,143
19502,100,100,25,3819.948486328125,14142.1357421875,13050,3725,partner,124,0.7,0.8,0.72,paired_images/img_19502.png,right,partner,right,143
5450,100,100,10,1809.9156494140625,16884.537109375,9823,1970,anchor,174,0.7,0.8,0.7142857142857143,paired_images/img_05450.png,left,partner,right,144
10262,100,100,14,1907.87841796875,21166.009765625,14065,2086,partner,174,0.7,0.8,0.7142857142857143,paired_images/img_10262.png,right,partner,right,144
4130,100,100,9,2041.912353515625,14270.4853515625,9780,1773,anchor,11,0.8,0.9,0.8181818181818182,paired_images/img_04130.png,left,partner,right,145
7311,100,100,11,2130.7197265625,11155.751953125,9550,2167,partner,11,0.8,0.9,0.8181818181818182,paired_images/img_07311.png,right,partner,right,145
16666,100,100,20,4304.72900390625,14198.146484375,14091,3940,anchor,273,0.5,0.6,0.55,paired_images/img_16666.png,left,anchor,left,146
8443,100,100,11,3382.306884765625,18761.662109375,12689,3487,partner,273,0.5,0.6,0.55,paired_images/img_08443.png,right,anchor,left,146
8829,100,100,12,1982.663330078125,18496.083984375,10388,1788,anchor,17,0.8,0.9,0.8571428571428571,paired_images/img_08829.png,left,partner,right,147
10650,100,100,14,2268.862548828125,19978.052734375,13155,2086,partner,17,0.8,0.9,0.8571428571428571,paired_images/img_10650.png,right,partner,right,147
8163,100,100,11,3013.29296875,16714.7421875,14426,2783,anchor,151,0.7,0.8,0.7272727272727273,paired_images/img_08163.png,left,anchor,left,148
3078,100,100,8,2569.744873046875,12699.2080078125,9026,2536,partner,151,0.7,0.8,0.7272727272727273,paired_images/img_03078.png,right,anchor,left,148
1323,100,100,7,2403.776123046875,8399.7373046875,6387,2219,anchor,217,0.6,0.7,0.6363636363636364,paired_images/img_01323.png,left,partner,right,149
7494,100,100,11,2257.4189453125,14891.1416015625,11856,2167,partner,217,0.6,0.7,0.6363636363636364,paired_images/img_07494.png,right,partner,right,149
11994,100,100,16,2160.88916015625,13454.3427734375,10712,2384,anchor,198,0.7,0.8,0.7272727272727273,paired_images/img_11994.png,left,partner,right,150
16994,100,100,22,2391.652099609375,22311.50390625,16687,2486,partner,198,0.7,0.8,0.7272727272727273,paired_images/img_16994.png,right,partner,right,150
11339,100,100,14,3208.65625,11879.021484375,11109,3542,anchor,143,0.7,0.8,0.7777777777777778,paired_images/img_11339.png,left,partner,right,151
14687,100,100,18,3434.073486328125,24000,18410,3546,partner,143,0.7,0.8,0.7777777777777778,paired_images/img_14687.png,right,partner,right,151
16055,100,100,20,3224.903076171875,17888.54296875,15119,2980,anchor,234,0.6,0.7,0.6,paired_images/img_16055.png,left,anchor,left,152
9151,100,100,12,2357.79736328125,13078.7060546875,11124,2364,partner,234,0.6,0.7,0.6,paired_images/img_09151.png,right,anchor,left,152
14772,100,100,18,3638.274169921875,19048.8125,16215,3546,anchor,259,0.6,0.7,0.6111111111111112,paired_images/img_14772.png,left,anchor,left,153
7124,100,100,11,1898.255615234375,16714.7421875,12168,1639,partner,259,0.6,0.7,0.6111111111111112,paired_images/img_07124.png,right,anchor,left,153
17320,100,100,22,2844.169677734375,14891.1416015625,13703,2486,anchor,176,0.7,0.8,0.7857142857142857,paired_images/img_17320.png,left,partner,right,154
21100,100,100,28,3815.7568359375,17798.421875,17439,4172,partner,176,0.7,0.8,0.7857142857142857,paired_images/img_21100.png,right,partner,right,154
321,100,100,7,1514.2840576171875,10583.0048828125,6937,1379,anchor,9,0.8,0.9,0.875,paired_images/img_00321.png,left,partner,right,155
2027,100,100,8,1618.8377685546875,11986.45703125,8033,1576,partner,9,0.8,0.9,0.875,paired_images/img_02027.png,right,partner,right,155
16083,100,100,20,3224.903076171875,21273.18359375,14228,2980,anchor,79,0.8,0.9,0.8,paired_images/img_16083.png,left,partner,right,156
18636,100,100,25,2549.509765625,17817.974609375,15156,2825,partner,79,0.8,0.9,0.8,paired_images/img_18636.png,right,partner,right,156
10220,100,100,14,1907.87841796875,15856.591796875,12930,2086,anchor,205,0.7,0.8,0.7777777777777778,paired_images/img_10220.png,left,partner,right,157
14375,100,100,18,3059.41162109375,17979.685546875,15522,2682,partner,205,0.7,0.8,0.7777777777777778,paired_images/img_14375.png,right,partner,right,157
15214,100,100,20,2280.350830078125,12649.1103515625,9125,2260,anchor,126,0.7,0.8,0.7142857142857143,paired_images/img_15214.png,left,partner,right,158
20520,100,100,28,2858.587646484375,26667.501953125,23340,3164,partner,126,0.7,0.8,0.7142857142857143,paired_images/img_20520.png,right,partner,right,158
14779,100,100,18,3638.274169921875,19048.8125,16070,3546,anchor,4,0.8,0.9,0.8888888888888888,paired_images/img_14779.png,left,anchor,left,159
13397,100,100,16,4079.215576171875,11313.708984375,11418,4048,partner,4,0.8,0.9,0.8888888888888888,paired_images/img_13397.png,right,anchor,left,159
2687,100,100,8,2160.88916015625,12699.2080078125,5997,2024,anchor,282,0.5,0.6,0.5714285714285714,paired_images/img_02687.png,left,partner,right,160
10231,100,100,14,1907.87841796875,17798.421875,12973,2086,partner,282,0.5,0.6,0.5714285714285714,paired_images/img_10231.png,right,partner,right,160
13998,100,100,18,2572.6484375,19048.8125,17198,2682,anchor,226,0.6,0.7,0.6666666666666666,paired_images/img_13998.png,left,anchor,left,161
9341,100,100,12,2497.999267578125,18496.083984375,13020,2364,partner,226,0.6,0.7,0.6666666666666666,paired_images/img_09341.png,right,anchor,left,161
21896,100,100,28,5396.294921875,19978.052734375,20134,5516,anchor,130,0.7,0.8,0.7142857142857143,paired_images/img_21896.png,left,anchor,left,162
16628,100,100,20,4063.123291015625,23878.341796875,19996,3940,partner,130,0.7,0.8,0.7142857142857143,paired_images/img_16628.png,right,anchor,left,162
8283,100,100,11,3192.47265625,15776.615234375,14881,3487,anchor,262,0.6,0.7,0.6875,paired_images/img_08283.png,left,partner,right,163
12484,100,100,16,2722.5498046875,11313.708984375,9220,2384,partner,262,0.6,0.7,0.6875,paired_images/img_12484.png,right,partner,right,163
11772,100,100,14,3815.7568359375,15856.591796875,12574,3542,anchor,266,0.6,0.7,0.6428571428571429,paired_images/img_11772.png,left,anchor,left,164
4800,100,100,9,2725.6259765625,16018.078125,11003,2853,partner,266,0.6,0.7,0.6428571428571429,paired_images/img_04800.png,right,anchor,left,164
16381,100,100,20,3835.07763671875,12649.1103515625,12498,3940,anchor,145,0.7,0.8,0.7,paired_images/img_16381.png,left,anchor,left,165
11059,100,100,14,2858.587646484375,10583.0048828125,9008,2758,partner,145,0.7,0.8,0.7,paired_images/img_11059.png,right,anchor,left,165
20226,100,100,25,5099.01953125,21189.26171875,19171,4925,anchor,203,0.7,0.8,0.72,paired_images/img_20226.png,left,anchor,left,166
13860,100,100,18,2428.256591796875,17979.685546875,15026,2682,partner,203,0.7,0.8,0.72,paired_images/img_13860.png,right,anchor,left,166
5120,100,100,10,1612.4515380859375,11269.076171875,6221,1490,anchor,165,0.7,0.8,0.7,paired_images/img_05120.png,left,anchor,left,167
1526,100,100,7,2546.712158203125,12585.384765625,8942,2639,partner,165,0.7,0.8,0.7,paired_images/img_01526.png,right,anchor,left,167
4243,100,100,9,2163.330810546875,13469.544921875,9686,2277,anchor,13,0.8,0.9,0.8888888888888888,paired_images/img_04243.png,left,anchor,left,168
3325,100,100,8,2884.44091796875,11986.45703125,11005,3016,partner,13,0.8,0.9,0.8888888888888888,paired_images/img_03325.png,right,anchor,left,168
13399,100,100,16,4079.215576171875,11313.708984375,12293,4048,anchor,70,0.8,0.9,0.875,paired_images/img_13399.png,left,anchor,left,169
10206,100,100,14,1907.87841796875,14966.6298828125,10640,2086,partner,70,0.8,0.9,0.875,paired_images/img_10206.png,right,anchor,left,169
11972,100,100,16,2160.88916015625,11986.45703125,9941,2384,anchor,160,0.7,0.8,0.75,paired_images/img_11972.png,left,anchor,left,170
8494,100,100,12,1766.3521728515625,12344.654296875,9168,1788,partner,160,0.7,0.8,0.75,paired_images/img_08494.png,right,anchor,left,170
261,100,100,7,1514.2840576171875,7483.31494140625,6075,1379,anchor,51,0.8,0.9,0.875,paired_images/img_00261.png,left,partner,right,171
1869,100,100,8,1527.9793701171875,10079.3681640625,7470,1576,partner,51,0.8,0.9,0.875,paired_images/img_01869.png,right,partner,right,171
20244,100,100,25,5099.01953125,23784.142578125,20645,4925,anchor,182,0.7,0.8,0.72,paired_images/img_20244.png,left,anchor,left,172
14775,100,100,18,3638.274169921875,19048.8125,15403,3546,partner,182,0.7,0.8,0.72,paired_images/img_14775.png,right,anchor,left,172
4575,100,100,9,2572.6484375,9524.40625,8041,2853,anchor,100,0.8,0.9,0.8181818181818182,paired_images/img_04575.png,left,partner,right,173
7105,100,100,11,1898.255615234375,14891.1416015625,11663,1639,partner,100,0.8,0.9,0.8181818181818182,paired_images/img_07105.png,right,partner,right,173
18392,100,100,22,4514.837890625,18761.662109375,17382,4334,anchor,140,0.7,0.8,0.7272727272727273,paired_images/img_18392.png,left,anchor,left,174
13048,100,100,16,3430.19775390625,14254.3798828125,13307,3152,partner,140,0.7,0.8,0.7272727272727273,paired_images/img_13048.png,right,anchor,left,174
15200,100,100,18,4326.66162109375,22652.984375,21276,4554,anchor,152,0.7,0.8,0.72,paired_images/img_15200.png,left,partner,right,175
19922,100,100,25,4542.7099609375,16817.927734375,16424,4925,partner,152,0.7,0.8,0.72,paired_images/img_19922.png,right,partner,right,175
11986,100,100,16,2160.88916015625,12699.2080078125,10962,2384,anchor,72,0.8,0.9,0.8888888888888888,paired_images/img_11986.png,left,partner,right,176
14705,100,100,18,3638.274169921875,12713.5576171875,12987,3546,partner,72,0.8,0.9,0.8888888888888888,paired_images/img_14705.png,right,partner,right,176
3467,100,100,9,1529.705810546875,13469.544921875,9771,1341,anchor,97,0.8,0.9,0.8888888888888888,paired_images/img_03467.png,left,anchor,left,177
1908,100,100,8,1527.9793701171875,12699.2080078125,5770,1576,partner,97,0.8,0.9,0.8888888888888888,paired_images/img_01908.png,right,anchor,left,177
15860,100,100,20,2873.06201171875,25298.220703125,18628,2980,anchor,240,0.6,0.7,0.6,paired_images/img_15860.png,left,anchor,left,178
9549,100,100,12,2803.9091796875,13078.7060546875,10743,3036,partner,240,0.6,0.7,0.6,paired_images/img_09549.png,right,anchor,left,178
235,100,100,7,1429.2938232421875,13333.7509765625,8022,1379,anchor,187,0.7,0.8,0.7,paired_images/img_00235.png,left,partner,right,179
5885,100,100,10,2280.350830078125,10636.591796875,8282,2530,partner,187,0.7,0.8,0.7,paired_images/img_05885.png,right,partner,right,179
1680,100,100,7,2698.1474609375,14126.6171875,8811,2639,anchor,42,0.8,0.9,0.875,paired_images/img_01680.png,left,partner,right,180
2035,100,100,8,1618.8377685546875,12699.2080078125,7577,1576,partner,42,0.8,0.9,0.875,paired_images/img_02035.png,right,partner,right,180
13312,100,100,16,3850.266845703125,15101.9892578125,14226,4048,anchor,15,0.8,0.9,0.875,paired_images/img_13312.png,left,anchor,left,181
10675,100,100,14,2403.776123046875,11212.3037109375,10080,2086,partner,15,0.8,0.9,0.875,paired_images/img_10675.png,right,anchor,left,181
13587,100,100,18,2163.330810546875,16970.5625,12693,2034,anchor,142,0.7,0.8,0.7777777777777778,paired_images/img_13587.png,left,anchor,left,182
10311,100,100,14,2021.3267822265625,13333.7509765625,11706,2086,partner,142,0.7,0.8,0.7777777777777778,paired_images/img_10311.png,right,anchor,left,182
5002,100,100,9,3059.41162109375,12000,11055,2853,anchor,63,0.8,0.9,0.8888888888888888,paired_images/img_05002.png,left,anchor,left,183
2258,100,100,8,1817.083984375,10079.3681640625,8216,2024,partner,63,0.8,0.9,0.8888888888888888,paired_images/img_02258.png,right,anchor,left,183
10303,100,100,14,2021.3267822265625,12585.384765625,9826,2086,anchor,68,0.8,0.9,0.8571428571428571,paired_images/img_10303.png,left,anchor,left,184
8875,100,100,12,2100.55859375,11651.802734375,8110,1788,partner,68,0.8,0.9,0.8571428571428571,paired_images/img_08875.png,right,anchor,left,184
4214,100,100,9,2163.330810546875,11326.4921875,9415,2277,anchor,113,0.8,0.9,0.8888888888888888,paired_images/img_04214.png,left,anchor,left,185
2848,100,100,8,2289.38232421875,15101.9892578125,11118,2536,partner,113,0.8,0.9,0.8888888888888888,paired_images/img_02848.png,right,anchor,left,185
5458,100,100,10,1809.9156494140625,17888.54296875,14424,1970,anchor,75,0.8,0.9,0.8,paired_images/img_05458.png,left,anchor,left,186
2220,100,100,8,1817.083984375,8000,6058,2024,partner,75,0.8,0.9,0.8,paired_images/img_02220.png,right,anchor,left,186
18583,100,100,22,4783.30419921875,26532.998046875,22230,4334,anchor,166,0.7,0.8,0.7857142857142857,paired_images/img_18583.png,left,partner,right,187
21821,100,100,28,5093.42431640625,28253.234375,26087,5516,partner,166,0.7,0.8,0.7857142857142857,paired_images/img_21821.png,right,partner,right,187
15055,100,100,18,4083.82470703125,21381.568359375,17170,3546,anchor,209,0.7,0.8,0.72,paired_images/img_15055.png,left,partner,right,188
19205,100,100,25,3212.180908203125,23784.142578125,19146,2825,partner,209,0.7,0.8,0.72,paired_images/img_19205.png,right,partner,right,188
12916,100,100,16,3237.675537109375,14254.3798828125,12167,3152,anchor,105,0.8,0.9,0.8888888888888888,paired_images/img_12916.png,left,partner,right,189
15116,100,100,18,4326.66162109375,14270.4853515625,14267,4554,partner,105,0.8,0.9,0.8888888888888888,paired_images/img_15116.png,right,partner,right,189
9383,100,100,12,2646.537841796875,10997.8369140625,8171,2364,anchor,43,0.8,0.9,0.8571428571428571,paired_images/img_09383.png,left,partner,right,190
10408,100,100,14,2141.52099609375,10583.0048828125,9124,2086,partner,43,0.8,0.9,0.8571428571428571,paired_images/img_10408.png,right,partner,right,190
7310,100,100,11,2130.7197265625,10529.626953125,8954,2167,anchor,268,0.6,0.7,0.6111111111111112,paired_images/img_07310.png,left,partner,right,191
13733,100,100,18,2291.968994140625,19048.8125,14268,2034,partner,268,0.6,0.7,0.6111111111111112,paired_images/img_13733.png,right,partner,right,191
3439,100,100,9,1529.705810546875,11326.4921875,8875,1341,anchor,244,0.6,0.7,0.6428571428571429,paired_images/img_03439.png,left,partner,right,192
11551,100,100,14,3399.452880859375,19978.052734375,16102,3542,partner,244,0.6,0.7,0.6428571428571429,paired_images/img_11551.png,right,partner,right,192
6372,100,100,10,2873.06201171875,8944.271484375,8669,3170,anchor,137,0.7,0.8,0.7,paired_images/img_06372.png,left,anchor,left,193
1326,100,100,7,2403.776123046875,8399.7373046875,6166,2219,partner,137,0.7,0.8,0.7,paired_images/img_01326.png,right,anchor,left,193
11713,100,100,14,3815.7568359375,11212.3037109375,11607,3542,anchor,179,0.7,0.8,0.7857142857142857,paired_images/img_11713.png,left,anchor,left,194
6828,100,100,11,1691.1534423828125,13266.4990234375,10163,1639,partner,179,0.7,0.8,0.7857142857142857,paired_images/img_06828.png,right,anchor,left,194
626,100,100,7,1699.7264404296875,13333.7509765625,6907,1771,anchor,221,0.6,0.7,0.6363636363636364,paired_images/img_00626.png,left,partner,right,195
7693,100,100,11,2533.8671875,10529.626953125,8554,2783,partner,221,0.6,0.7,0.6363636363636364,paired_images/img_07693.png,right,partner,right,195
21459,100,100,28,4537.72509765625,14966.6298828125,14827,4172,anchor,297,0.5,0.6,0.5714285714285714,paired_images/img_21459.png,left,anchor,left,196
12993,100,100,16,3237.675537109375,22627.41796875,18391,3152,partner,297,0.5,0.6,0.5714285714285714,paired_images/img_12993.png,right,anchor,left,196
15939,100,100,20,3043.903076171875,18952.251953125,16894,2980,anchor,99,0.8,0.9,0.8,paired_images/img_15939.png,left,partner,right,197
19123,100,100,25,3212.180908203125,14983.0703125,13404,2825,partner,99,0.8,0.9,0.8,paired_images/img_19123.png,right,partner,right,197
3320,100,100,8,2884.44091796875,11313.708984375,9814,3016,anchor,194,0.7,0.8,0.7272727272727273,paired_images/img_03320.png,left,partner,right,198
7318,100,100,11,2130.7197265625,11155.751953125,8904,2167,partner,194,0.7,0.8,0.7272727272727273,paired_images/img_07318.png,right,partner,right,198
12914,100,100,16,3237.675537109375,14254.3798828125,12869,3152,anchor,78,0.8,0.9,0.875,paired_images/img_12914.png,left,anchor,left,199
10443,100,100,14,2141.52099609375,13333.7509765625,10716,2086,partner,78,0.8,0.9,0.875,paired_images/img_10443.png,right,anchor,left,199
8773,100,100,12,1982.663330078125,13856.40625,9223,1788,anchor,248,0.6,0.7,0.6,paired_images/img_08773.png,left,partner,right,200
16706,100,100,20,4304.72900390625,17888.54296875,15583,3940,partner,248,0.6,0.7,0.6,paired_images/img_16706.png,right,partner,right,200
12489,100,100,16,2722.5498046875,11313.708984375,10051,2384,anchor,238,0.6,0.7,0.6875,paired_images/img_12489.png,left,anchor,left,201
7553,100,100,11,2391.652099609375,9938.64453125,8709,2167,partner,238,0.6,0.7,0.6875,paired_images/img_07553.png,right,anchor,left,201
15493,100,100,20,2559.607177734375,14198.146484375,12317,2260,anchor,287,0.5,0.6,0.5,paired_images/img_15493.png,left,anchor,left,202
5231,100,100,10,1708.3328857421875,10636.591796875,6636,1490,partner,287,0.5,0.6,0.5,paired_images/img_05231.png,right,anchor,left,202
16142,100,100,20,3416.665771484375,14198.146484375,12336,2980,anchor,91,0.8,0.9,0.8,paired_images/img_16142.png,left,partner,right,203
20053,100,100,25,4812.83349609375,16817.927734375,16024,4925,partner,91,0.8,0.9,0.8,paired_images/img_20053.png,right,partner,right,203
17507,100,100,22,3013.29296875,21059.25390625,19254,3278,anchor,65,0.8,0.9,0.8181818181818182,paired_images/img_17507.png,left,anchor,left,204
14914,100,100,18,3854.6171875,20181.513671875,15535,3546,partner,65,0.8,0.9,0.8181818181818182,paired_images/img_14914.png,right,anchor,left,204
4434,100,100,9,2428.256591796875,8989.8427734375,6139,2277,anchor,111,0.8,0.9,0.8181818181818182,paired_images/img_04434.png,left,partner,right,205
8226,100,100,11,3192.47265625,11155.751953125,9452,3487,partner,111,0.8,0.9,0.8181818181818182,paired_images/img_08226.png,right,partner,right,205
4807,100,100,9,2725.6259765625,16970.5625,12333,2853,anchor,157,0.7,0.8,0.7777777777777778,paired_images/img_04807.png,left,anchor,left,206
1227,100,100,7,2268.862548828125,9989.0263671875,8666,2219,partner,157,0.7,0.8,0.7777777777777778,paired_images/img_01227.png,right,anchor,left,206
15856,100,100,20,2873.06201171875,25298.220703125,20143,2980,anchor,219,0.6,0.7,0.6,paired_images/img_15856.png,left,anchor,left,207
9640,100,100,12,2970.638427734375,10380.576171875,9226,3036,partner,219,0.6,0.7,0.6,paired_images/img_09640.png,right,anchor,left,207
7721,100,100,11,2533.8671875,12521.908203125,9860,2783,anchor,26,0.8,0.9,0.8181818181818182,paired_images/img_07721.png,left,anchor,left,208
4997,100,100,9,3059.41162109375,11326.4921875,10374,2853,partner,26,0.8,0.9,0.8181818181818182,paired_images/img_04997.png,right,anchor,left,208
270,100,100,7,1514.2840576171875,7483.31494140625,5327,1379,anchor,183,0.7,0.8,0.7,paired_images/img_00270.png,left,partner,right,209
6496,100,100,10,2873.06201171875,17888.54296875,12512,3170,partner,183,0.7,0.8,0.7,paired_images/img_06496.png,right,partner,right,209
11010,100,100,14,2698.1474609375,16799.474609375,13424,2758,anchor,127,0.7,0.8,0.7857142857142857,paired_images/img_11010.png,left,anchor,left,210
7765,100,100,11,2533.8671875,15776.615234375,11649,2783,partner,127,0.7,0.8,0.7857142857142857,paired_images/img_07765.png,right,anchor,left,210
438,100,100,7,1604.328125,9428.3857421875,6619,1771,anchor,207,0.7,0.8,0.7777777777777778,paired_images/img_00438.png,left,partner,right,211
4856,100,100,9,2887.7001953125,10690.7841796875,8053,2853,partner,207,0.7,0.8,0.7777777777777778,paired_images/img_04856.png,right,partner,right,211
16882,100,100,20,4560.70166015625,23878.341796875,21924,5060,anchor,125,0.7,0.8,0.7,paired_images/img_16882.png,left,anchor,left,212
10883,100,100,14,2546.712158203125,17798.421875,14380,2758,partner,125,0.7,0.8,0.7,paired_images/img_10883.png,right,anchor,left,212
7272,100,100,11,2011.1317138671875,18761.662109375,13496,2167,anchor,56,0.8,0.9,0.8181818181818182,paired_images/img_07272.png,left,anchor,left,213
3435,100,100,9,1529.705810546875,11326.4921875,8752,1341,partner,56,0.8,0.9,0.8181818181818182,paired_images/img_03435.png,right,anchor,left,213
14439,100,100,18,3241.333740234375,12000,11727,3546,anchor,224,0.6,0.7,0.6666666666666666,paired_images/img_14439.png,left,anchor,left,214
8541,100,100,12,1766.3521728515625,16478.13671875,12104,1788,partner,224,0.6,0.7,0.6666666666666666,paired_images/img_08541.png,right,anchor,left,214
7315,100,100,11,2130.7197265625,11155.751953125,9682,2167,anchor,76,0.8,0.9,0.8181818181818182,paired_images/img_07315.png,left,anchor,left,215
3484,100,100,9,1529.705810546875,15119.052734375,9882,1341,partner,76,0.8,0.9,0.8181818181818182,paired_images/img_03484.png,right,anchor,left,215
12038,100,100,16,2160.88916015625,16951.41015625,13112,2384,anchor,280,0.5,0.6,0.5714285714285714,paired_images/img_12038.png,left,partner,right,216
20727,100,100,28,3208.65625,19978.052734375,18157,3164,partner,280,0.5,0.6,0.5714285714285714,paired_images/img_20727.png,right,partner,right,216
3416,100,100,9,1529.705810546875,10090.7568359375,7286,1341,anchor,136,0.7,0.8,0.75,paired_images/img_03416.png,left,partner,right,217
8905,100,100,12,2100.55859375,13856.40625,8874,1788,partner,136,0.7,0.8,0.75,paired_images/img_08905.png,right,partner,right,217
14224,100,100,18,2887.7001953125,16018.078125,13458,2682,anchor,64,0.8,0.9,0.8888888888888888,paired_images/img_14224.png,left,anchor,left,218
12170,100,100,16,2289.38232421875,16951.41015625,12140,2384,partner,64,0.8,0.9,0.8888888888888888,paired_images/img_12170.png,right,anchor,left,218
21454,100,100,28,4537.72509765625,14966.6298828125,14808,4172,anchor,225,0.6,0.7,0.6428571428571429,paired_images/img_21454.png,left,anchor,left,219
14895,100,100,18,3854.6171875,17979.685546875,15952,3546,partner,225,0.6,0.7,0.6428571428571429,paired_images/img_14895.png,right,anchor,left,219
4550,100,100,9,2428.256591796875,16970.5625,12384,2277,anchor,24,0.8,0.9,0.8181818181818182,paired_images/img_04550.png,left,partner,right,220
7797,100,100,11,2533.8671875,18761.662109375,12467,2783,partner,24,0.8,0.9,0.8181818181818182,paired_images/img_07797.png,right,partner,right,220
4103,100,100,9,2041.912353515625,12713.5576171875,11344,1773,anchor,171,0.7,0.8,0.7777777777777778,paired_images/img_04103.png,left,anchor,left,221
1243,100,100,7,2268.862548828125,11212.3037109375,9208,2219,partner,171,0.7,0.8,0.7777777777777778,paired_images/img_01243.png,right,anchor,left,221
15694,100,100,20,2711.8095703125,21273.18359375,17580,2980,anchor,200,0.7,0.8,0.7,paired_images/img_15694.png,left,anchor,left,222
10201,100,100,14,1907.87841796875,14966.6298828125,11103,2086,partner,200,0.7,0.8,0.7,paired_images/img_10201.png,right,anchor,left,222
187,100,100,7,1429.2938232421875,9989.0263671875,4588,1379,anchor,77,0.8,0.9,0.875,paired_images/img_00187.png,left,partner,right,223
2412,100,100,8,1925.1334228515625,11986.45703125,9785,2024,partner,77,0.8,0.9,0.875,paired_images/img_02412.png,right,partner,right,223
11880,100,100,16,2039.6077880859375,14254.3798828125,11535,1808,anchor,167,0.7,0.8,0.7272727272727273,paired_images/img_11880.png,left,partner,right,224
17556,100,100,22,3192.47265625,13266.4990234375,11468,3278,partner,167,0.7,0.8,0.7272727272727273,paired_images/img_17556.png,right,partner,right,224
19442,100,100,25,3605.55126953125,21189.26171875,19403,3725,anchor,294,0.5,0.6,0.56,paired_images/img_19442.png,left,anchor,left,225
11663,100,100,14,3601.5947265625,17798.421875,14091,3542,partner,294,0.5,0.6,0.56,paired_images/img_11663.png,right,anchor,left,225
4677,100,100,9,2572.6484375,16970.5625,12727,2853,anchor,50,0.8,0.9,0.8181818181818182,paired_images/img_04677.png,left,partner,right,226
8345,100,100,11,3382.306884765625,10529.626953125,8971,3487,partner,50,0.8,0.9,0.8181818181818182,paired_images/img_08345.png,right,partner,right,226
12713,100,100,16,2884.44091796875,20158.736328125,15856,3152,anchor,110,0.8,0.9,0.8,paired_images/img_12713.png,left,partner,right,227
16851,100,100,20,4560.70166015625,20079.2109375,18766,5060,partner,110,0.8,0.9,0.8,paired_images/img_16851.png,right,partner,right,227
16909,100,100,22,2391.652099609375,13266.4990234375,10949,2486,anchor,261,0.6,0.7,0.6363636363636364,paired_images/img_16909.png,left,anchor,left,228
10472,100,100,14,2141.52099609375,15856.591796875,12979,2086,partner,261,0.6,0.7,0.6363636363636364,paired_images/img_10472.png,right,anchor,left,228
20938,100,100,28,3601.5947265625,14966.6298828125,14037,3164,anchor,164,0.7,0.8,0.7857142857142857,paired_images/img_20938.png,left,anchor,left,229
18537,100,100,22,4783.30419921875,19877.2890625,18726,4334,partner,164,0.7,0.8,0.7857142857142857,paired_images/img_18537.png,right,anchor,left,229
11907,100,100,16,2039.6077880859375,16951.41015625,13118,1808,anchor,250,0.6,0.7,0.625,paired_images/img_11907.png,left,anchor,left,230
5196,100,100,10,1612.4515380859375,17888.54296875,11886,1490,partner,250,0.6,0.7,0.625,paired_images/img_05196.png,right,anchor,left,230
15811,100,100,20,2873.06201171875,20079.2109375,17496,2980,anchor,25,0.8,0.9,0.8,paired_images/img_15811.png,left,anchor,left,231
12693,100,100,16,2884.44091796875,17959.392578125,15635,3152,partner,25,0.8,0.9,0.8,paired_images/img_12693.png,right,anchor,left,231
17136,100,100,22,2533.8671875,23638.21484375,18796,2486,anchor,120,0.8,0.9,0.8181818181818182,paired_images/img_17136.png,left,anchor,left,232
13862,100,100,18,2428.256591796875,19048.8125,15562,2682,partner,120,0.8,0.9,0.8181818181818182,paired_images/img_13862.png,right,anchor,left,232
12117,100,100,16,2289.38232421875,12699.2080078125,11291,2384,anchor,257,0.6,0.7,0.6875,paired_images/img_12117.png,left,anchor,left,233
6925,100,100,11,1791.7147216796875,11155.751953125,7873,1639,partner,257,0.6,0.7,0.6875,paired_images/img_06925.png,right,anchor,left,233
2493,100,100,8,2039.6077880859375,8979.6962890625,7675,2024,anchor,46,0.8,0.9,0.875,paired_images/img_02493.png,left,anchor,left,234
1524,100,100,7,2546.712158203125,12585.384765625,10670,2639,partner,46,0.8,0.9,0.875,paired_images/img_01524.png,right,anchor,left,234
6498,100,100,10,2873.06201171875,17888.54296875,12278,3170,anchor,112,0.8,0.9,0.8,paired_images/img_06498.png,left,anchor,left,235
2080,100,100,8,1618.8377685546875,16000,8984,1576,partner,112,0.8,0.9,0.8,paired_images/img_02080.png,right,anchor,left,235
17472,100,100,22,3013.29296875,17708.65234375,17201,3278,anchor,116,0.8,0.9,0.8181818181818182,paired_images/img_17472.png,left,anchor,left,236
14642,100,100,18,3434.073486328125,19048.8125,16930,3546,partner,116,0.8,0.9,0.8181818181818182,paired_images/img_14642.png,right,anchor,left,236
3564,100,100,9,1620.6668701171875,11326.4921875,9945,1773,anchor,59,0.8,0.9,0.8888888888888888,paired_images/img_03564.png,left,anchor,left,237
2339,100,100,8,1817.083984375,16000,12011,2024,partner,59,0.8,0.9,0.8888888888888888,paired_images/img_02339.png,right,anchor,left,237
10403,100,100,14,2141.52099609375,10583.0048828125,10144,2086,anchor,206,0.7,0.8,0.7857142857142857,paired_images/img_10403.png,left,anchor,left,238
7392,100,100,11,2130.7197265625,17708.65234375,13742,2167,partner,206,0.7,0.8,0.7857142857142857,paired_images/img_07392.png,right,anchor,left,238
9259,100,100,12,2497.999267578125,10997.8369140625,9153,2364,anchor,123,0.7,0.8,0.75,paired_images/img_09259.png,left,anchor,left,239
4139,100,100,9,2041.912353515625,15119.052734375,11153,1773,partner,123,0.7,0.8,0.75,paired_images/img_04139.png,right,anchor,left,239
9921,100,100,12,3334.428955078125,12344.654296875,10619,3036,anchor,48,0.8,0.9,0.8571428571428571,paired_images/img_09921.png,left,partner,right,240
10297,100,100,14,2021.3267822265625,11879.021484375,8991,2086,partner,48,0.8,0.9,0.8571428571428571,paired_images/img_10297.png,right,partner,right,240
10749,100,100,14,2403.776123046875,16799.474609375,12864,2086,anchor,53,0.8,0.9,0.8571428571428571,paired_images/img_10749.png,left,anchor,left,241
8789,100,100,12,1982.663330078125,14680.3515625,10346,1788,partner,53,0.8,0.9,0.8571428571428571,paired_images/img_08789.png,right,anchor,left,241
4739,100,100,9,2725.6259765625,11326.4921875,9318,2853,anchor,264,0.6,0.7,0.6428571428571429,paired_images/img_04739.png,left,partner,right,242
11258,100,100,14,3028.568115234375,15856.591796875,11963,2758,partner,264,0.6,0.7,0.6428571428571429,paired_images/img_11258.png,right,partner,right,242
13842,100,100,18,2428.256591796875,16970.5625,14544,2682,anchor,278,0.5,0.6,0.5,paired_images/img_13842.png,left,anchor,left,243
4843,100,100,9,2887.7001953125,10090.7568359375,7769,2853,partner,278,0.5,0.6,0.5,paired_images/img_04843.png,right,anchor,left,243
10367,100,100,14,2021.3267822265625,17798.421875,12140,2086,anchor,199,0.7,0.8,0.7857142857142857,paired_images/img_10367.png,left,anchor,left,244
7418,100,100,11,2257.4189453125,9380.8310546875,8674,2167,partner,199,0.7,0.8,0.7857142857142857,paired_images/img_07418.png,right,anchor,left,244
18899,100,100,25,2861.72802734375,17817.974609375,15043,2825,anchor,84,0.8,0.9,0.8,paired_images/img_18899.png,left,anchor,left,245
16389,100,100,20,3835.07763671875,12649.1103515625,12353,3940,partner,84,0.8,0.9,0.8,paired_images/img_16389.png,right,anchor,left,245
15503,100,100,20,2559.607177734375,15042.412109375,12658,2260,anchor,169,0.7,0.8,0.7,paired_images/img_15503.png,left,anchor,left,246
11188,100,100,14,3028.568115234375,10583.0048828125,9268,2758,partner,169,0.7,0.8,0.7,paired_images/img_11188.png,right,anchor,left,246
14135,100,100,18,2725.6259765625,20181.513671875,15738,2682,anchor,202,0.7,0.8,0.72,paired_images/img_14135.png,left,partner,right,247
18919,100,100,25,2861.72802734375,20000,16804,2825,partner,202,0.7,0.8,0.72,paired_images/img_18919.png,right,partner,right,247
12911,100,100,16,3237.675537109375,14254.3798828125,12740,3152,anchor,292,0.5,0.6,0.5,paired_images/img_12911.png,left,anchor,left,248
1710,100,100,8,1442.220458984375,8475.705078125,7511,1576,partner,292,0.5,0.6,0.5,paired_images/img_01710.png,right,anchor,left,248
15893,100,100,20,3043.903076171875,15042.412109375,13475,2980,anchor,300,0.5,0.6,0.5,paired_images/img_15893.png,left,anchor,left,249
6021,100,100,10,2415.947509765625,11269.076171875,8685,2530,partner,300,0.5,0.6,0.5,paired_images/img_06021.png,right,anchor,left,249
2171,100,100,8,1715.098876953125,13454.3427734375,6785,1576,anchor,218,0.6,0.7,0.6666666666666666,paired_images/img_02171.png,left,partner,right,250
9859,100,100,12,3147.28173828125,17457.978515625,12877,3036,partner,218,0.6,0.7,0.6666666666666666,paired_images/img_09859.png,right,partner,right,250
9273,100,100,12,2497.999267578125,12344.654296875,10910,2364,anchor,184,0.7,0.8,0.75,paired_images/img_09273.png,left,partner,right,251
12405,100,100,16,2569.744873046875,15101.9892578125,11207,2384,partner,184,0.7,0.8,0.75,paired_images/img_12405.png,right,partner,right,251
19539,100,100,25,3819.948486328125,16817.927734375,14431,3725,anchor,188,0.7,0.8,0.72,paired_images/img_19539.png,left,anchor,left,252
15190,100,100,18,4326.66162109375,21381.568359375,19579,4554,partner,188,0.7,0.8,0.72,paired_images/img_15190.png,right,anchor,left,252
13102,100,100,16,3430.19775390625,20158.736328125,17077,3152,anchor,267,0.6,0.7,0.64,paired_images/img_13102.png,left,partner,right,253
20257,100,100,25,5099.01953125,25198.421875,21499,4925,partner,267,0.6,0.7,0.64,paired_images/img_20257.png,right,partner,right,253
9186,100,100,12,2357.79736328125,15553.2900390625,11839,2364,anchor,162,0.7,0.8,0.75,paired_images/img_09186.png,left,anchor,left,254
4361,100,100,9,2291.968994140625,12713.5576171875,11030,2277,partner,162,0.7,0.8,0.75,paired_images/img_04361.png,right,anchor,left,254
6076,100,100,10,2415.947509765625,15042.412109375,11446,2530,anchor,263,0.6,0.7,0.625,paired_images/img_06076.png,left,partner,right,255
13214,100,100,16,3634.16796875,17959.392578125,16727,4048,partner,263,0.6,0.7,0.625,paired_images/img_13214.png,right,partner,right,255
10026,100,100,12,3532.704345703125,10380.576171875,10592,3804,anchor,177,0.7,0.8,0.75,paired_images/img_10026.png,left,partner,right,256
13019,100,100,16,3430.19775390625,11986.45703125,11861,3152,partner,177,0.7,0.8,0.75,paired_images/img_13019.png,right,partner,right,256
20689,100,100,28,3208.65625,15856.591796875,14367,3164,anchor,281,0.5,0.6,0.5,paired_images/img_20689.png,left,anchor,left,257
11114,100,100,14,2858.587646484375,14966.6298828125,11979,2758,partner,281,0.5,0.6,0.5,paired_images/img_11114.png,right,anchor,left,257
16986,100,100,22,2391.652099609375,21059.25390625,17588,2486,anchor,271,0.5,0.6,0.5,paired_images/img_16986.png,left,anchor,left,258
7001,100,100,11,1791.7147216796875,17708.65234375,11130,1639,partner,271,0.5,0.6,0.5,paired_images/img_07001.png,right,anchor,left,258
18424,100,100,22,4514.837890625,22311.50390625,19387,4334,anchor,293,0.5,0.6,0.5,paired_images/img_18424.png,left,anchor,left,259
7749,100,100,11,2533.8671875,14055.3662109375,11698,2783,partner,293,0.5,0.6,0.5,paired_images/img_07749.png,right,anchor,left,259
14728,100,100,18,3638.274169921875,14270.4853515625,13237,3546,anchor,90,0.8,0.9,0.8181818181818182,paired_images/img_14728.png,left,partner,right,260
17515,100,100,22,3013.29296875,22311.50390625,17776,3278,partner,90,0.8,0.9,0.8181818181818182,paired_images/img_17515.png,right,partner,right,260
5143,100,100,10,1612.4515380859375,13401.265625,9544,1490,anchor,3,0.8,0.9,0.8,paired_images/img_05143.png,left,anchor,left,261
3176,100,100,8,2722.5498046875,10678.71875,7226,2536,partner,3,0.8,0.9,0.8,paired_images/img_03176.png,right,anchor,left,261
489,100,100,7,1604.328125,12585.384765625,8972,1771,anchor,101,0.8,0.9,0.875,paired_images/img_00489.png,left,partner,right,262
2640,100,100,8,2160.88916015625,9513.6572265625,8315,2024,partner,101,0.8,0.9,0.875,paired_images/img_02640.png,right,partner,right,262
19521,100,100,25,3819.948486328125,15874.0107421875,15979,3725,anchor,131,0.7,0.8,0.72,paired_images/img_19521.png,left,anchor,left,263
14885,100,100,18,3854.6171875,16970.5625,14199,3546,partner,131,0.7,0.8,0.72,paired_images/img_14885.png,right,anchor,left,263
13751,100,100,18,2291.968994140625,21381.568359375,15242,2034,anchor,14,0.8,0.9,0.8181818181818182,paired_images/img_13751.png,left,partner,right,264
18025,100,100,22,3796.51123046875,21059.25390625,17161,3278,partner,14,0.8,0.9,0.8181818181818182,paired_images/img_18025.png,right,partner,right,264
8264,100,100,11,3192.47265625,14055.3662109375,13251,3487,anchor,251,0.6,0.7,0.6363636363636364,paired_images/img_08264.png,left,anchor,left,265
1593,100,100,7,2698.1474609375,8899.2109375,7202,2639,partner,251,0.6,0.7,0.6363636363636364,paired_images/img_01593.png,right,anchor,left,265
8560,100,100,12,1766.3521728515625,17457.978515625,12325,1788,anchor,109,0.8,0.9,0.8571428571428571,paired_images/img_08560.png,left,partner,right,266
11508,100,100,14,3399.452880859375,14966.6298828125,10490,3542,partner,109,0.8,0.9,0.8571428571428571,paired_images/img_11508.png,right,partner,right,266
4261,100,100,9,2163.330810546875,15119.052734375,12156,2277,anchor,291,0.5,0.6,0.5625,paired_images/img_04261.png,left,partner,right,267
12350,100,100,16,2425.51611328125,22627.41796875,16857,2384,partner,291,0.5,0.6,0.5625,paired_images/img_12350.png,right,partner,right,267
4460,100,100,9,2428.256591796875,10090.7568359375,6453,2277,anchor,35,0.8,0.9,0.8888888888888888,paired_images/img_04460.png,left,anchor,left,268
1756,100,100,8,1442.220458984375,11313.708984375,6486,1576,partner,35,0.8,0.9,0.8888888888888888,paired_images/img_01756.png,right,anchor,left,268
2217,100,100,8,1817.083984375,8000,6292,2024,anchor,45,0.8,0.9,0.8,paired_images/img_02217.png,left,partner,right,269
5465,100,100,10,1917.538818359375,8944.271484375,7816,1970,partner,45,0.8,0.9,0.8,paired_images/img_05465.png,right,partner,right,269
10470,100,100,14,2141.52099609375,14966.6298828125,12019,2086,anchor,129,0.7,0.8,0.7777777777777778,paired_images/img_10470.png,left,partner,right,270
14624,100,100,18,3434.073486328125,16970.5625,14684,3546,partner,129,0.7,0.8,0.7777777777777778,paired_images/img_14624.png,right,partner,right,270
9289,100,100,12,2497.999267578125,13078.7060546875,11380,2364,anchor,69,0.8,0.9,0.8333333333333334,paired_images/img_09289.png,left,anchor,left,271
6237,100,100,10,2559.607177734375,17888.54296875,10561,2530,partner,69,0.8,0.9,0.8333333333333334,paired_images/img_06237.png,right,anchor,left,271
9759,100,100,12,3147.28173828125,9797.958984375,10426,3036,anchor,41,0.8,0.9,0.8571428571428571,paired_images/img_09759.png,left,partner,right,272
10178,100,100,14,1907.87841796875,12585.384765625,7707,2086,partner,41,0.8,0.9,0.8571428571428571,paired_images/img_10178.png,right,partner,right,272
16641,100,100,20,4304.72900390625,12649.1103515625,12462,3940,anchor,228,0.6,0.7,0.6,paired_images/img_16641.png,left,anchor,left,273
8589,100,100,12,1871.3848876953125,9797.958984375,8121,1788,partner,228,0.6,0.7,0.6,paired_images/img_08589.png,right,anchor,left,273
17250,100,100,22,2684.538818359375,21059.25390625,17377,2486,anchor,220,0.6,0.7,0.6363636363636364,paired_images/img_17250.png,left,anchor,left,274
10999,100,100,14,2698.1474609375,15856.591796875,14772,2758,partner,220,0.6,0.7,0.6363636363636364,paired_images/img_10999.png,right,anchor,left,274
3971,100,100,9,1927.30859375,12713.5576171875,8440,1773,anchor,16,0.8,0.9,0.8888888888888888,paired_images/img_03971.png,left,anchor,left,275
2299,100,100,8,1817.083984375,12699.2080078125,7962,2024,partner,16,0.8,0.9,0.8888888888888888,paired_images/img_02299.png,right,anchor,left,275
10569,100,100,14,2268.862548828125,12585.384765625,11745,2086,anchor,61,0.8,0.9,0.8571428571428571,paired_images/img_10569.png,left,anchor,left,276
9071,100,100,12,2225.46435546875,17457.978515625,12103,2364,partner,61,0.8,0.9,0.8571428571428571,paired_images/img_09071.png,right,anchor,left,276
14096,100,100,18,2725.6259765625,16018.078125,14448,2682,anchor,49,0.8,0.9,0.8888888888888888,paired_images/img_14096.png,left,anchor,left,277
11870,100,100,16,2039.6077880859375,13454.3427734375,12487,1808,partner,49,0.8,0.9,0.8888888888888888,paired_images/img_11870.png,right,anchor,left,277
7071,100,100,11,1898.255615234375,12521.908203125,8748,1639,anchor,138,0.7,0.8,0.7857142857142857,paired_images/img_07071.png,left,partner,right,278
10867,100,100,14,2546.712158203125,15856.591796875,12890,2758,partner,138,0.7,0.8,0.7857142857142857,paired_images/img_10867.png,right,partner,right,278
2566,100,100,8,2039.6077880859375,13454.3427734375,8894,2024,anchor,1,0.8,0.9,0.875,paired_images/img_02566.png,left,anchor,left,279
899,100,100,7,1907.87841796875,14126.6171875,8874,1771,partner,1,0.8,0.9,0.875,paired_images/img_00899.png,right,anchor,left,279
6018,100,100,10,2415.947509765625,10636.591796875,8254,2530,anchor,62,0.8,0.9,0.8,paired_images/img_06018.png,left,anchor,left,280
3330,100,100,8,2884.44091796875,11986.45703125,11978,3016,partner,62,0.8,0.9,0.8,paired_images/img_03330.png,right,anchor,left,280
15250,100,100,20,2280.350830078125,15042.412109375,12956,2260,anchor,144,0.7,0.8,0.7142857142857143,paired_images/img_15250.png,left,partner,right,281
21861,100,100,28,5396.294921875,16799.474609375,17203,5516,partner,144,0.7,0.8,0.7142857142857143,paired_images/img_21861.png,right,partner,right,281
8626,100,100,12,1871.3848876953125,12344.654296875,9741,1788,anchor,214,0.6,0.7,0.6,paired_images/img_08626.png,left,partner,right,282
15565,100,100,20,2559.607177734375,21273.18359375,17071,2260,partner,214,0.6,0.7,0.6,paired_images/img_15565.png,right,partner,right,282
1654,100,100,7,2698.1474609375,12585.384765625,9435,2639,anchor,197,0.7,0.8,0.7,paired_images/img_01654.png,left,partner,right,283
6697,100,100,10,3224.903076171875,12649.1103515625,10775,3170,partner,197,0.7,0.8,0.7,paired_images/img_06697.png,right,partner,right,283
3442,100,100,9,1529.705810546875,12000,9275,1341,anchor,170,0.7,0.8,0.7777777777777778,paired_images/img_03442.png,left,anchor,left,284
1113,100,100,7,2141.52099609375,11212.3037109375,8888,2219,partner,170,0.7,0.8,0.7777777777777778,paired_images/img_01113.png,right,anchor,left,284
15299,100,100,20,2280.350830078125,20079.2109375,16842,2260,anchor,57,0.8,0.9,0.8,paired_images/img_15299.png,left,partner,right,285
19193,100,100,25,3212.180908203125,22449.240234375,16152,2825,partner,57,0.8,0.9,0.8,paired_images/img_19193.png,right,partner,right,285
21019,100,100,28,3601.5947265625,23758.04296875,20262,3164,anchor,19,0.8,0.9,0.8928571428571429,paired_images/img_21019.png,left,anchor,left,286
18694,100,100,25,2549.509765625,25198.421875,23012,2825,partner,19,0.8,0.9,0.8928571428571429,paired_images/img_18694.png,right,anchor,left,286
9948,100,100,12,3334.428955078125,13856.40625,11961,3036,anchor,154,0.7,0.8,0.75,paired_images/img_09948.png,left,partner,right,287
12179,100,100,16,2289.38232421875,17959.392578125,14065,2384,partner,154,0.7,0.8,0.75,paired_images/img_12179.png,right,partner,right,287
14686,100,100,18,3434.073486328125,24000,19824,3546,anchor,210,0.7,0.8,0.7777777777777778,paired_images/img_14686.png,left,anchor,left,288
11259,100,100,14,3028.568115234375,15856.591796875,13234,2758,partner,210,0.7,0.8,0.7777777777777778,paired_images/img_11259.png,right,anchor,left,288
2673,100,100,8,2160.88916015625,11986.45703125,8658,2024,anchor,288,0.5,0.6,0.5,paired_images/img_02673.png,left,partner,right,289
13251,100,100,16,3634.16796875,22627.41796875,18153,4048,partner,288,0.5,0.6,0.5,paired_images/img_13251.png,right,partner,right,289
11894,100,100,16,2039.6077880859375,16000,12346,1808,anchor,28,0.8,0.9,0.875,paired_images/img_11894.png,left,anchor,left,290
11445,100,100,14,3399.452880859375,10583.0048828125,10344,3542,partner,28,0.8,0.9,0.875,paired_images/img_11445.png,right,anchor,left,290
4260,100,100,9,2163.330810546875,14270.4853515625,11527,2277,anchor,27,0.8,0.9,0.8888888888888888,paired_images/img_04260.png,left,anchor,left,291
2984,100,100,8,2425.51611328125,16000,10523,2536,partner,27,0.8,0.9,0.8888888888888888,paired_images/img_02984.png,right,anchor,left,291
484,100,100,7,1604.328125,12585.384765625,8624,1771,anchor,237,0.6,0.7,0.6363636363636364,paired_images/img_00484.png,left,partner,right,292
7373,100,100,11,2130.7197265625,15776.615234375,12285,2167,partner,237,0.6,0.7,0.6363636363636364,paired_images/img_07373.png,right,partner,right,292
999,100,100,7,2021.3267822265625,11879.021484375,7827,2219,anchor,213,0.6,0.7,0.6363636363636364,paired_images/img_00999.png,left,partner,right,293
6806,100,100,11,1691.1534423828125,11819.107421875,10601,1639,partner,213,0.6,0.7,0.6363636363636364,paired_images/img_06806.png,right,partner,right,293
10805,100,100,14,2546.712158203125,11212.3037109375,10828,2758,anchor,215,0.6,0.7,0.6363636363636364,paired_images/img_10805.png,left,partner,right,294
17459,100,100,22,3013.29296875,15776.615234375,15251,3278,partner,215,0.6,0.7,0.6363636363636364,paired_images/img_17459.png,right,partner,right,294
19493,100,100,25,3605.55126953125,28284.271484375,22770,3725,anchor,265,0.6,0.7,0.64,paired_images/img_19493.png,left,anchor,left,295
12707,100,100,16,2884.44091796875,19027.314453125,14184,3152,partner,265,0.6,0.7,0.64,paired_images/img_12707.png,right,anchor,left,295
4873,100,100,9,2887.7001953125,12000,10810,2853,anchor,118,0.8,0.9,0.8181818181818182,paired_images/img_04873.png,left,partner,right,296
7104,100,100,11,1898.255615234375,14891.1416015625,11141,1639,partner,118,0.8,0.9,0.8181818181818182,paired_images/img_07104.png,right,partner,right,296
15975,100,100,20,3043.903076171875,23878.341796875,20780,2980,anchor,122,0.7,0.8,0.7142857142857143,paired_images/img_15975.png,left,partner,right,297
20417,100,100,28,2858.587646484375,14966.6298828125,12931,3164,partner,122,0.7,0.8,0.7142857142857143,paired_images/img_20417.png,right,partner,right,297
3773,100,100,9,1819.1370849609375,8485.28125,6367,1773,anchor,298,0.5,0.6,0.5,paired_images/img_03773.png,left,partner,right,298
13679,100,100,18,2291.968994140625,13469.544921875,10660,2034,partner,298,0.5,0.6,0.5,paired_images/img_13679.png,right,partner,right,298
16960,100,100,22,2391.652099609375,17708.65234375,14814,2486,anchor,96,0.8,0.9,0.88,paired_images/img_16960.png,left,partner,right,299
18597,100,100,25,2549.509765625,14142.1357421875,12489,2825,partner,96,0.8,0.9,0.88,paired_images/img_18597.png,right,partner,right,299
17186,100,100,22,2684.538818359375,14891.1416015625,12931,2486,anchor,246,0.6,0.7,0.6363636363636364,paired_images/img_17186.png,left,anchor,left,300
11604,100,100,14,3601.5947265625,12585.384765625,11640,3542,partner,246,0.6,0.7,0.6363636363636364,paired_images/img_11604.png,right,anchor,left,300
